caseId,partyWinning,issueArea,petitioner,respondent,jurisdiction,caseOrigin,caseSource,lcDisagreement,certReason,lcDispositionDirection,threeJudgeFdc,term,chief
2000-001,1,2.0,28.0,28.0,9.0,,,0.0,1.0,,0.0,2000,Rehnquist
2000-002,0,1.0,28.0,137.0,1.0,94.0,22.0,0.0,12.0,2.0,0.0,2000,Rehnquist
2000-003,1,1.0,177.0,27.0,1.0,75.0,25.0,0.0,2.0,2.0,0.0,2000,Rehnquist
2000-004,1,9.0,251.0,251.0,2.0,41.0,41.0,0.0,1.0,2.0,1.0,2000,Rehnquist
2000-005,0,1.0,3.0,214.0,1.0,69.0,27.0,0.0,12.0,2.0,0.0,2000,Rehnquist
2000-006,0,7.0,151.0,249.0,1.0,131.0,24.0,0.0,2.0,2.0,0.0,2000,Rehnquist
2000-007,1,9.0,211.0,18.0,1.0,302.0,300.0,0.0,11.0,2.0,0.0,2000,Rehnquist
2000-008,1,9.0,135.0,138.0,1.0,41.0,31.0,0.0,2.0,1.0,0.0,2000,Rehnquist
2000-009,1,2.0,211.0,211.0,1.0,302.0,300.0,0.0,12.0,2.0,0.0,2000,Rehnquist
2000-010,1,8.0,3.0,306.0,1.0,66.0,27.0,0.0,12.0,2.0,0.0,2000,Rehnquist
2000-011,1,1.0,126.0,27.0,1.0,66.0,27.0,0.0,12.0,1.0,0.0,2000,Rehnquist
2000-012,1,12.0,240.0,369.0,1.0,9.0,30.0,0.0,2.0,2.0,0.0,2000,Rehnquist
2000-013,1,4.0,100.0,28.0,1.0,111.0,23.0,0.0,11.0,1.0,0.0,2000,Rehnquist
2000-014,0,1.0,215.0,27.0,1.0,115.0,28.0,0.0,2.0,1.0,0.0,2000,Rehnquist
2000-015,1,4.0,19.0,169.0,1.0,129.0,29.0,0.0,5.0,2.0,0.0,2000,Rehnquist
2000-016,0,9.0,117.0,3.0,1.0,302.0,301.0,0.0,2.0,1.0,0.0,2000,Rehnquist
2000-017,0,9.0,28.0,122.0,1.0,,32.0,0.0,12.0,3.0,0.0,2000,Rehnquist
2000-018,1,4.0,232.0,216.0,1.0,117.0,26.0,1.0,5.0,1.0,0.0,2000,Rehnquist
2000-019,1,8.0,19.0,113.0,1.0,300.0,300.0,0.0,6.0,1.0,0.0,2000,Rehnquist
2000-020,1,1.0,28.0,100.0,1.0,302.0,301.0,0.0,11.0,2.0,0.0,2000,Rehnquist
2000-021,1,10.0,184.0,208.0,1.0,109.0,23.0,1.0,2.0,2.0,0.0,2000,Rehnquist
2000-022,1,10.0,26.0,8.0,1.0,42.0,31.0,0.0,2.0,2.0,0.0,2000,Rehnquist
2000-023,1,8.0,152.0,27.0,1.0,49.0,29.0,0.0,2.0,1.0,0.0,2000,Rehnquist
2000-024,1,8.0,145.0,116.0,1.0,86.0,28.0,0.0,2.0,1.0,0.0,2000,Rehnquist
2000-025,1,8.0,333.0,245.0,1.0,32.0,32.0,1.0,12.0,1.0,0.0,2000,Rehnquist
2000-026,1,9.0,122.0,104.0,1.0,302.0,301.0,0.0,12.0,1.0,0.0,2000,Rehnquist
2000-027,0,2.0,19.0,211.0,1.0,87.0,28.0,1.0,10.0,2.0,0.0,2000,Rehnquist
2000-028,0,3.0,373.0,111.0,1.0,96.0,22.0,1.0,12.0,2.0,0.0,2000,Rehnquist
2000-029,0,5.0,326.0,152.0,1.0,108.0,29.0,1.0,10.0,1.0,0.0,2000,Rehnquist
2000-030,0,1.0,28.0,100.0,1.0,302.0,300.0,0.0,12.0,2.0,0.0,2000,Rehnquist
2000-031,1,8.0,184.0,184.0,1.0,81.0,26.0,0.0,2.0,1.0,0.0,2000,Rehnquist
2000-032,1,1.0,126.0,28.0,1.0,302.0,300.0,1.0,11.0,1.0,0.0,2000,Rehnquist
2000-033,0,1.0,126.0,27.0,1.0,132.0,27.0,0.0,7.0,1.0,0.0,2000,Rehnquist
2000-034,1,1.0,188.0,3.0,1.0,114.0,24.0,1.0,11.0,1.0,0.0,2000,Rehnquist
2000-035,1,7.0,151.0,145.0,1.0,50.0,29.0,0.0,2.0,2.0,0.0,2000,Rehnquist
2000-036,1,10.0,253.0,166.0,1.0,302.0,300.0,0.0,5.0,1.0,0.0,2000,Rehnquist
2000-037,1,1.0,28.0,126.0,1.0,302.0,300.0,1.0,11.0,2.0,0.0,2000,Rehnquist
2000-038,1,4.0,19.0,176.0,1.0,48.0,29.0,1.0,12.0,2.0,0.0,2000,Rehnquist
2000-039,1,12.0,27.0,240.0,1.0,103.0,26.0,0.0,2.0,1.0,0.0,2000,Rehnquist
2000-040,1,3.0,28.0,215.0,1.0,88.0,29.0,0.0,2.0,2.0,0.0,2000,Rehnquist
2000-041,1,2.0,19.0,251.0,2.0,98.0,98.0,1.0,1.0,1.0,1.0,2000,Rehnquist
2000-042,1,2.0,21.0,154.0,1.0,90.0,29.0,1.0,12.0,2.0,0.0,2000,Rehnquist
2000-043,1,9.0,19.0,106.0,1.0,41.0,31.0,0.0,11.0,2.0,0.0,2000,Rehnquist
2000-044,0,1.0,100.0,28.0,1.0,122.0,25.0,1.0,11.0,1.0,0.0,2000,Rehnquist
2000-045,0,1.0,126.0,27.0,1.0,48.0,29.0,0.0,2.0,1.0,0.0,2000,Rehnquist
2000-046,1,1.0,28.0,126.0,1.0,110.0,23.0,0.0,11.0,2.0,0.0,2000,Rehnquist
2000-047,1,2.0,120.0,170.0,1.0,302.0,301.0,0.0,5.0,2.0,0.0,2000,Rehnquist
2000-048,1,8.0,184.0,184.0,1.0,108.0,29.0,0.0,7.0,2.0,0.0,2000,Rehnquist
2000-049,0,4.0,100.0,28.0,1.0,302.0,300.0,0.0,12.0,1.0,0.0,2000,Rehnquist
2000-050,1,1.0,27.0,165.0,1.0,50.0,29.0,0.0,10.0,2.0,0.0,2000,Rehnquist
2000-051,1,7.0,249.0,247.0,1.0,48.0,29.0,0.0,13.0,2.0,0.0,2000,Rehnquist
2000-052,0,3.0,8.0,226.0,1.0,110.0,23.0,1.0,2.0,2.0,0.0,2000,Rehnquist
2000-053,1,12.0,27.0,16.0,1.0,3.0,8.0,0.0,12.0,1.0,0.0,2000,Rehnquist
2000-054,0,8.0,159.0,124.0,1.0,52.0,30.0,0.0,11.0,2.0,0.0,2000,Rehnquist
2000-055,0,6.0,165.0,7.0,1.0,130.0,24.0,0.0,2.0,1.0,0.0,2000,Rehnquist
2000-056,1,2.0,122.0,170.0,1.0,93.0,30.0,1.0,12.0,2.0,0.0,2000,Rehnquist
2000-057,0,2.0,216.0,164.0,1.0,108.0,29.0,0.0,2.0,2.0,0.0,2000,Rehnquist
2000-058,0,7.0,382.0,165.0,1.0,26.0,26.0,1.0,12.0,1.0,0.0,2000,Rehnquist
2000-059,0,9.0,215.0,28.0,1.0,110.0,23.0,0.0,2.0,1.0,0.0,2000,Rehnquist
2000-060,0,11.0,28.0,28.0,9.0,,,0.0,1.0,,0.0,2000,Rehnquist
2000-061,1,1.0,215.0,19.0,1.0,104.0,26.0,0.0,10.0,1.0,0.0,2000,Rehnquist
2000-062,1,10.0,28.0,100.0,1.0,302.0,300.0,1.0,12.0,1.0,0.0,2000,Rehnquist
2000-063,0,9.0,28.0,100.0,1.0,302.0,300.0,0.0,11.0,1.0,0.0,2000,Rehnquist
2000-064,1,1.0,100.0,28.0,1.0,121.0,25.0,0.0,11.0,1.0,0.0,2000,Rehnquist
2000-065,0,8.0,176.0,208.0,1.0,126.0,24.0,1.0,12.0,2.0,0.0,2000,Rehnquist
2000-066,1,12.0,240.0,27.0,1.0,100.0,24.0,0.0,2.0,2.0,0.0,2000,Rehnquist
2000-067,1,2.0,154.0,151.0,1.0,118.0,26.0,0.0,2.0,1.0,0.0,2000,Rehnquist
2000-068,1,11.0,28.0,28.0,9.0,,,0.0,1.0,,0.0,2000,Rehnquist
2000-069,1,1.0,195.0,27.0,1.0,108.0,29.0,1.0,12.0,1.0,0.0,2000,Rehnquist
2000-070,0,2.0,129.0,368.0,1.0,25.0,25.0,0.0,2.0,1.0,0.0,2000,Rehnquist
2000-071,1,3.0,130.0,21.0,1.0,95.0,22.0,1.0,2.0,2.0,0.0,2000,Rehnquist
2000-072,0,1.0,28.0,215.0,1.0,302.0,300.0,1.0,2.0,2.0,0.0,2000,Rehnquist
2000-073,0,1.0,122.0,145.0,1.0,96.0,22.0,0.0,2.0,1.0,0.0,2000,Rehnquist
2000-074,1,1.0,28.0,126.0,1.0,94.0,22.0,0.0,2.0,2.0,0.0,2000,Rehnquist
2000-075,1,8.0,186.0,218.0,1.0,60.0,25.0,0.0,12.0,2.0,0.0,2000,Rehnquist
2000-076,0,9.0,27.0,234.0,1.0,2.0,8.0,0.0,11.0,2.0,0.0,2000,Rehnquist
2000-077,0,2.0,28.0,27.0,1.0,64.0,29.0,0.0,12.0,2.0,0.0,2000,Rehnquist
2000-078,0,2.0,368.0,106.0,1.0,53.0,22.0,0.0,10.0,2.0,0.0,2000,Rehnquist
2000-079,1,2.0,106.0,368.0,1.0,22.0,22.0,0.0,10.0,1.0,0.0,2000,Rehnquist
2000-080,1,2.0,28.0,170.0,1.0,90.0,29.0,0.0,12.0,2.0,0.0,2000,Rehnquist
2000-081,0,3.0,304.0,152.0,1.0,118.0,26.0,0.0,12.0,2.0,0.0,2000,Rehnquist
2000-082,1,3.0,343.0,211.0,1.0,52.0,30.0,1.0,11.0,1.0,0.0,2000,Rehnquist
2000-083,0,8.0,220.0,112.0,1.0,96.0,22.0,0.0,11.0,2.0,0.0,2000,Rehnquist
2000-084,1,10.0,184.0,19.0,1.0,80.0,21.0,0.0,2.0,1.0,0.0,2000,Rehnquist
2000-085,1,4.0,139.0,28.0,1.0,302.0,300.0,0.0,12.0,2.0,0.0,2000,Rehnquist
2000-086,0,1.0,126.0,28.0,1.0,75.0,25.0,0.0,2.0,1.0,0.0,2000,Rehnquist
2000-087,1,2.0,106.0,368.0,1.0,75.0,25.0,0.0,11.0,1.0,0.0,2000,Rehnquist
2001-001,1,9.0,412.0,8.0,1.0,8.0,8.0,0.0,12.0,2.0,0.0,2001,Rehnquist
2001-002,1,8.0,135.0,134.0,1.0,156.0,29.0,0.0,2.0,2.0,0.0,2001,Rehnquist
2001-003,0,11.0,28.0,28.0,9.0,,,0.0,1.0,,0.0,2001,Rehnquist
2001-004,1,2.0,176.0,215.0,1.0,96.0,22.0,0.0,2.0,2.0,0.0,2001,Rehnquist
2001-005,0,2.0,170.0,27.0,1.0,30.0,30.0,0.0,2.0,1.0,0.0,2001,Rehnquist
2001-006,0,9.0,176.0,329.0,1.0,52.0,30.0,0.0,11.0,1.0,0.0,2001,Rehnquist
2001-007,1,1.0,27.0,217.0,1.0,50.0,29.0,0.0,11.0,2.0,0.0,2001,Rehnquist
2001-008,0,8.0,123.0,233.0,1.0,157.0,8.0,0.0,12.0,1.0,0.0,2001,Rehnquist
2001-009,0,9.0,7.0,215.0,14.0,45.0,29.0,0.0,1.0,2.0,0.0,2001,Rehnquist
2001-010,0,4.0,215.0,27.0,1.0,103.0,26.0,0.0,2.0,1.0,0.0,2001,Rehnquist
2001-011,1,2.0,189.0,154.0,1.0,73.0,26.0,0.0,11.0,2.0,0.0,2001,Rehnquist
2001-012,0,8.0,171.0,145.0,1.0,48.0,29.0,0.0,12.0,1.0,0.0,2001,Rehnquist
2001-013,1,7.0,371.0,116.0,1.0,25.0,25.0,0.0,2.0,1.0,0.0,2001,Rehnquist
2001-014,1,1.0,126.0,28.0,1.0,302.0,300.0,0.0,5.0,1.0,0.0,2001,Rehnquist
2001-015,1,1.0,27.0,100.0,1.0,45.0,29.0,0.0,10.0,2.0,0.0,2001,Rehnquist
2001-016,1,7.0,332.0,151.0,1.0,114.0,24.0,1.0,2.0,1.0,0.0,2001,Rehnquist
2001-017,0,3.0,207.0,3.0,1.0,66.0,27.0,0.0,12.0,1.0,0.0,2001,Rehnquist
2001-018,1,9.0,124.0,219.0,1.0,31.0,31.0,1.0,12.0,1.0,0.0,2001,Rehnquist
2001-019,1,9.0,100.0,28.0,1.0,87.0,28.0,1.0,12.0,1.0,0.0,2001,Rehnquist
2001-020,1,4.0,28.0,169.0,1.0,302.0,300.0,0.0,12.0,2.0,0.0,2001,Rehnquist
2001-021,1,5.0,21.0,239.0,1.0,106.0,30.0,0.0,11.0,2.0,0.0,2001,Rehnquist
2001-022,0,8.0,406.0,132.0,1.0,161.0,24.0,0.0,12.0,1.0,0.0,2001,Rehnquist
2001-023,1,10.0,7.0,180.0,1.0,302.0,301.0,0.0,2.0,2.0,0.0,2001,Rehnquist
2001-024,1,2.0,145.0,171.0,1.0,96.0,22.0,0.0,2.0,1.0,0.0,2001,Rehnquist
2001-025,1,9.0,19.0,215.0,1.0,53.0,22.0,0.0,2.0,2.0,0.0,2001,Rehnquist
2001-026,0,9.0,13.0,26.0,1.0,302.0,300.0,0.0,11.0,1.0,0.0,2001,Rehnquist
2001-027,0,9.0,28.0,344.0,1.0,32.0,32.0,0.0,10.0,1.0,0.0,2001,Rehnquist
2001-028,0,8.0,240.0,27.0,1.0,91.0,21.0,0.0,12.0,2.0,0.0,2001,Rehnquist
2001-029,1,1.0,27.0,100.0,1.0,48.0,29.0,0.0,2.0,2.0,0.0,2001,Rehnquist
2001-030,0,9.0,154.0,151.0,1.0,46.0,28.0,0.0,12.0,2.0,0.0,2001,Rehnquist
2001-031,1,2.0,145.0,232.0,1.0,127.0,24.0,0.0,2.0,1.0,0.0,2001,Rehnquist
2001-032,1,2.0,364.0,212.0,1.0,50.0,29.0,1.0,12.0,2.0,0.0,2001,Rehnquist
2001-033,1,2.0,151.0,382.0,1.0,32.0,32.0,1.0,12.0,2.0,0.0,2001,Rehnquist
2001-034,0,1.0,126.0,28.0,1.0,126.0,24.0,1.0,12.0,1.0,0.0,2001,Rehnquist
2001-035,1,2.0,406.0,140.0,1.0,126.0,24.0,0.0,2.0,2.0,0.0,2001,Rehnquist
2001-036,0,9.0,145.0,148.0,1.0,56.0,31.0,0.0,12.0,1.0,0.0,2001,Rehnquist
2001-037,1,4.0,24.0,184.0,1.0,75.0,25.0,1.0,12.0,2.0,0.0,2001,Rehnquist
2001-038,0,3.0,1.0,220.0,1.0,50.0,29.0,1.0,2.0,2.0,0.0,2001,Rehnquist
2001-039,1,12.0,27.0,240.0,1.0,82.0,26.0,0.0,11.0,1.0,0.0,2001,Rehnquist
2001-040,0,4.0,195.0,15.0,1.0,90.0,29.0,1.0,10.0,2.0,0.0,2001,Rehnquist
2001-041,0,3.0,363.0,144.0,1.0,90.0,29.0,0.0,11.0,2.0,0.0,2001,Rehnquist
2001-042,1,2.0,104.0,145.0,1.0,50.0,29.0,1.0,2.0,2.0,0.0,2001,Rehnquist
2001-044,1,3.0,3.0,117.0,1.0,48.0,29.0,0.0,10.0,2.0,0.0,2001,Rehnquist
2001-045,0,8.0,205.0,338.0,1.0,28.0,28.0,0.0,11.0,3.0,0.0,2001,Rehnquist
2001-046,1,3.0,1.0,207.0,1.0,109.0,23.0,0.0,11.0,2.0,0.0,2001,Rehnquist
2001-047,1,10.0,8.0,26.0,1.0,60.0,31.0,0.0,11.0,1.0,0.0,2001,Rehnquist
2001-048,1,1.0,27.0,100.0,1.0,79.0,24.0,0.0,12.0,2.0,0.0,2001,Rehnquist
2001-049,1,10.0,205.0,4.0,1.0,79.0,24.0,1.0,11.0,1.0,0.0,2001,Rehnquist
2001-050,0,1.0,28.0,137.0,1.0,302.0,300.0,1.0,5.0,2.0,0.0,2001,Rehnquist
2001-051,1,1.0,28.0,126.0,1.0,118.0,26.0,0.0,12.0,2.0,0.0,2001,Rehnquist
2001-052,0,8.0,184.0,184.0,1.0,80.0,8.0,1.0,11.0,2.0,0.0,2001,Rehnquist
2001-053,0,10.0,349.0,4.0,1.0,24.0,24.0,0.0,12.0,1.0,0.0,2001,Rehnquist
2001-054,1,6.0,140.0,406.0,1.0,108.0,29.0,0.0,2.0,1.0,0.0,2001,Rehnquist
2001-055,1,8.0,405.0,119.0,1.0,79.0,24.0,0.0,11.0,1.0,0.0,2001,Rehnquist
2001-056,1,9.0,184.0,184.0,1.0,72.0,8.0,0.0,11.0,2.0,0.0,2001,Rehnquist
2001-057,1,9.0,230.0,146.0,1.0,79.0,24.0,0.0,2.0,1.0,0.0,2001,Rehnquist
2001-058,1,1.0,28.0,215.0,1.0,72.0,30.0,0.0,10.0,2.0,0.0,2001,Rehnquist
2001-059,1,2.0,151.0,140.0,1.0,48.0,29.0,1.0,2.0,2.0,0.0,2001,Rehnquist
2001-060,1,9.0,113.0,159.0,1.0,96.0,22.0,0.0,10.0,1.0,0.0,2001,Rehnquist
2001-061,0,2.0,108.0,182.0,1.0,50.0,29.0,0.0,2.0,2.0,0.0,2001,Rehnquist
2001-062,1,9.0,195.0,27.0,1.0,3.0,8.0,0.0,12.0,1.0,0.0,2001,Rehnquist
2001-063,1,3.0,130.0,3.0,1.0,104.0,26.0,1.0,11.0,1.0,0.0,2001,Rehnquist
2001-064,1,8.0,19.0,140.0,1.0,87.0,28.0,0.0,12.0,2.0,0.0,2001,Rehnquist
2001-065,1,1.0,27.0,100.0,1.0,57.0,31.0,0.0,12.0,2.0,0.0,2001,Rehnquist
2001-066,1,1.0,28.0,215.0,1.0,49.0,29.0,0.0,12.0,2.0,0.0,2001,Rehnquist
2001-067,1,12.0,27.0,228.0,1.0,50.0,29.0,1.0,2.0,1.0,0.0,2001,Rehnquist
2001-068,1,1.0,28.0,126.0,1.0,110.0,23.0,0.0,2.0,2.0,0.0,2001,Rehnquist
2001-069,1,5.0,232.0,239.0,1.0,302.0,300.0,0.0,5.0,2.0,0.0,2001,Rehnquist
2001-070,1,1.0,126.0,28.0,1.0,302.0,300.0,1.0,10.0,1.0,0.0,2001,Rehnquist
2001-071,0,10.0,171.0,180.0,1.0,66.0,27.0,1.0,2.0,2.0,0.0,2001,Rehnquist
2001-072,1,8.0,13.0,253.0,1.0,55.0,32.0,0.0,10.0,2.0,0.0,2001,Rehnquist
2001-073,1,10.0,3.0,245.0,1.0,104.0,26.0,0.0,2.0,1.0,0.0,2001,Rehnquist
2001-074,0,2.0,28.0,316.0,2.0,123.0,123.0,1.0,1.0,3.0,0.0,2001,Rehnquist
2001-075,1,7.0,120.0,382.0,1.0,50.0,29.0,0.0,11.0,2.0,0.0,2001,Rehnquist
2001-076,0,1.0,126.0,27.0,1.0,99.0,24.0,0.0,12.0,1.0,0.0,2001,Rehnquist
2001-077,1,1.0,126.0,28.0,1.0,302.0,300.0,0.0,9.0,1.0,0.0,2001,Rehnquist
2001-078,1,1.0,27.0,126.0,1.0,51.0,29.0,0.0,2.0,2.0,0.0,2001,Rehnquist
2001-079,1,1.0,100.0,28.0,1.0,302.0,300.0,1.0,12.0,1.0,0.0,2001,Rehnquist
2001-080,1,3.0,2.0,25.0,1.0,103.0,26.0,1.0,12.0,2.0,0.0,2001,Rehnquist
2001-081,1,2.0,215.0,19.0,1.0,42.0,31.0,0.0,11.0,1.0,0.0,2001,Rehnquist
2001-082,1,3.0,211.0,4.0,1.0,83.0,28.0,1.0,12.0,1.0,0.0,2001,Rehnquist
2001-083,1,5.0,21.0,239.0,1.0,107.0,30.0,0.0,12.0,2.0,0.0,2001,Rehnquist
2001-084,1,9.0,28.0,215.0,1.0,45.0,29.0,0.0,12.0,2.0,0.0,2001,Rehnquist
2001-085,1,1.0,27.0,137.0,1.0,81.0,26.0,0.0,12.0,2.0,0.0,2001,Rehnquist
2002-001,0,9.0,189.0,134.0,1.0,129.0,29.0,0.0,12.0,2.0,0.0,2002,Rehnquist
2002-002,1,1.0,28.0,100.0,1.0,48.0,29.0,0.0,12.0,2.0,0.0,2002,Rehnquist
2002-003,1,2.0,368.0,106.0,1.0,29.0,29.0,0.0,2.0,2.0,0.0,2002,Rehnquist
2002-004,1,1.0,28.0,100.0,1.0,48.0,29.0,1.0,12.0,2.0,0.0,2002,Rehnquist
2002-005,0,9.0,184.0,174.0,1.0,43.0,31.0,0.0,2.0,1.0,0.0,2002,Rehnquist
2002-006,1,8.0,245.0,28.0,1.0,302.0,300.0,1.0,5.0,2.0,0.0,2002,Rehnquist
2002-007,1,10.0,208.0,116.0,1.0,302.0,300.0,1.0,5.0,2.0,0.0,2002,Rehnquist
2002-008,1,9.0,27.0,126.0,1.0,119.0,25.0,0.0,12.0,2.0,0.0,2002,Rehnquist
2002-009,0,8.0,102.0,119.0,1.0,52.0,30.0,0.0,2.0,1.0,0.0,2002,Rehnquist
2002-010,0,1.0,126.0,28.0,1.0,117.0,26.0,0.0,12.0,1.0,0.0,2002,Rehnquist
2002-011,0,8.0,139.0,333.0,1.0,49.0,29.0,1.0,12.0,2.0,0.0,2002,Rehnquist
2002-012,0,1.0,126.0,28.0,1.0,302.0,300.0,1.0,12.0,1.0,0.0,2002,Rehnquist
2002-013,1,8.0,5.0,208.0,1.0,302.0,300.0,0.0,11.0,2.0,0.0,2002,Rehnquist
2002-014,1,2.0,406.0,132.0,1.0,74.0,26.0,0.0,2.0,1.0,0.0,2002,Rehnquist
2002-015,0,8.0,220.0,1.0,1.0,55.0,32.0,1.0,11.0,1.0,0.0,2002,Rehnquist
2002-016,1,1.0,27.0,100.0,1.0,64.0,29.0,1.0,11.0,2.0,0.0,2002,Rehnquist
2002-017,1,2.0,119.0,222.0,1.0,48.0,29.0,0.0,11.0,2.0,0.0,2002,Rehnquist
2002-018,0,8.0,338.0,138.0,1.0,32.0,32.0,0.0,12.0,2.0,0.0,2002,Rehnquist
2002-019,1,1.0,126.0,28.0,1.0,120.0,25.0,0.0,12.0,1.0,0.0,2002,Rehnquist
2002-020,1,2.0,7.0,175.0,1.0,302.0,300.0,1.0,12.0,2.0,0.0,2002,Rehnquist
2002-021,1,5.0,218.0,207.0,1.0,66.0,27.0,0.0,11.0,2.0,0.0,2002,Rehnquist
2002-022,1,8.0,238.0,238.0,1.0,74.0,26.0,0.0,2.0,1.0,0.0,2002,Rehnquist
2002-023,0,12.0,240.0,27.0,1.0,129.0,29.0,0.0,2.0,2.0,0.0,2002,Rehnquist
2002-024,0,2.0,27.0,170.0,1.0,3.0,8.0,1.0,11.0,2.0,0.0,2002,Rehnquist
2002-025,1,2.0,27.0,170.0,1.0,3.0,8.0,1.0,12.0,2.0,0.0,2002,Rehnquist
2002-026,1,1.0,126.0,27.0,1.0,68.0,27.0,0.0,2.0,1.0,0.0,2002,Rehnquist
2002-027,1,1.0,7.0,126.0,1.0,53.0,22.0,0.0,11.0,2.0,0.0,2002,Rehnquist
2002-028,0,1.0,100.0,28.0,1.0,302.0,301.0,0.0,11.0,1.0,0.0,2002,Rehnquist
2002-029,1,1.0,28.0,126.0,1.0,48.0,29.0,1.0,12.0,2.0,0.0,2002,Rehnquist
2002-030,1,1.0,28.0,126.0,1.0,44.0,29.0,0.0,12.0,2.0,0.0,2002,Rehnquist
2002-031,0,8.0,5.0,176.0,1.0,66.0,27.0,0.0,2.0,2.0,0.0,2002,Rehnquist
2002-032,0,8.0,231.0,145.0,1.0,302.0,302.0,0.0,12.0,2.0,0.0,2002,Rehnquist
2002-033,1,2.0,3.0,192.0,1.0,103.0,26.0,0.0,11.0,2.0,0.0,2002,Rehnquist
2002-034,1,1.0,28.0,126.0,1.0,49.0,29.0,0.0,12.0,2.0,0.0,2002,Rehnquist
2002-035,0,4.0,20.0,111.0,1.0,129.0,29.0,1.0,12.0,2.0,0.0,2002,Rehnquist
2002-036,0,2.0,251.0,251.0,2.0,85.0,85.0,0.0,1.0,3.0,1.0,2002,Rehnquist
2002-037,1,8.0,123.0,114.0,1.0,99.0,24.0,1.0,2.0,2.0,0.0,2002,Rehnquist
2002-038,0,10.0,171.0,19.0,1.0,73.0,26.0,0.0,11.0,1.0,0.0,2002,Rehnquist
2002-039,1,3.0,28.0,218.0,1.0,302.0,300.0,1.0,12.0,2.0,0.0,2002,Rehnquist
2002-040,1,8.0,165.0,206.0,1.0,58.0,31.0,0.0,12.0,2.0,0.0,2002,Rehnquist
2002-041,1,8.0,171.0,174.0,1.0,302.0,300.0,0.0,12.0,2.0,0.0,2002,Rehnquist
2002-042,1,2.0,206.0,154.0,1.0,108.0,29.0,1.0,2.0,2.0,0.0,2002,Rehnquist
2002-043,1,9.0,208.0,5.0,1.0,302.0,300.0,0.0,12.0,1.0,0.0,2002,Rehnquist
2002-044,0,9.0,159.0,145.0,1.0,63.0,29.0,0.0,12.0,1.0,0.0,2002,Rehnquist
2002-045,0,11.0,4.0,25.0,1.0,302.0,300.0,0.0,11.0,3.0,0.0,2002,Rehnquist
2002-046,1,1.0,126.0,27.0,1.0,96.0,22.0,0.0,2.0,1.0,0.0,2002,Rehnquist
2002-047,1,2.0,368.0,106.0,1.0,50.0,29.0,0.0,2.0,2.0,0.0,2002,Rehnquist
2002-048,1,9.0,215.0,19.0,1.0,121.0,25.0,0.0,12.0,1.0,0.0,2002,Rehnquist
2002-049,1,3.0,19.0,149.0,1.0,302.0,300.0,0.0,2.0,2.0,0.0,2002,Rehnquist
2002-050,1,1.0,100.0,28.0,1.0,302.0,300.0,0.0,12.0,1.0,0.0,2002,Rehnquist
2002-051,1,1.0,28.0,126.0,1.0,81.0,26.0,0.0,13.0,2.0,0.0,2002,Rehnquist
2002-052,0,8.0,143.0,7.0,1.0,78.0,21.0,0.0,10.0,2.0,0.0,2002,Rehnquist
2002-053,0,9.0,145.0,151.0,1.0,56.0,31.0,0.0,2.0,2.0,0.0,2002,Rehnquist
2002-054,1,2.0,5.0,170.0,1.0,49.0,29.0,0.0,12.0,2.0,0.0,2002,Rehnquist
2002-055,1,4.0,3.0,195.0,1.0,48.0,29.0,1.0,,2.0,0.0,2002,Rehnquist
2002-056,0,11.0,28.0,28.0,9.0,,,0.0,1.0,,0.0,2002,Rehnquist
2002-057,0,10.0,7.0,8.0,1.0,90.0,29.0,0.0,2.0,2.0,0.0,2002,Rehnquist
2002-058,1,1.0,8.0,110.0,1.0,48.0,29.0,0.0,12.0,2.0,0.0,2002,Rehnquist
2002-059,0,9.0,176.0,326.0,1.0,55.0,32.0,0.0,11.0,1.0,0.0,2002,Rehnquist
2002-060,1,8.0,151.0,145.0,1.0,48.0,29.0,0.0,2.0,2.0,0.0,2002,Rehnquist
2002-061,1,4.0,126.0,28.0,1.0,302.0,300.0,0.0,12.0,1.0,0.0,2002,Rehnquist
2002-062,1,9.0,113.0,138.0,1.0,41.0,31.0,1.0,2.0,1.0,0.0,2002,Rehnquist
2002-063,1,8.0,156.0,156.0,1.0,48.0,29.0,0.0,12.0,1.0,0.0,2002,Rehnquist
2002-064,1,10.0,148.0,4.0,1.0,302.0,300.0,0.0,11.0,1.0,0.0,2002,Rehnquist
2002-065,1,8.0,113.0,120.0,1.0,302.0,300.0,1.0,12.0,2.0,0.0,2002,Rehnquist
2002-066,1,8.0,152.0,7.0,1.0,49.0,29.0,0.0,12.0,1.0,0.0,2002,Rehnquist
2002-067,1,9.0,195.0,27.0,1.0,62.0,29.0,0.0,11.0,1.0,0.0,2002,Rehnquist
2002-068,0,2.0,151.0,154.0,1.0,90.0,29.0,1.0,2.0,2.0,0.0,2002,Rehnquist
2002-069,1,8.0,19.0,109.0,1.0,302.0,300.0,1.0,12.0,1.0,0.0,2002,Rehnquist
2002-070,1,9.0,128.0,250.0,1.0,94.0,22.0,0.0,12.0,2.0,0.0,2002,Rehnquist
2002-072,1,3.0,28.0,100.0,1.0,302.0,300.0,1.0,12.0,2.0,0.0,2002,Rehnquist
2002-073,1,3.0,28.0,215.0,1.0,81.0,26.0,0.0,12.0,2.0,0.0,2002,Rehnquist
2002-074,1,3.0,343.0,192.0,1.0,98.0,24.0,1.0,2.0,2.0,0.0,2002,Rehnquist
2002-075,1,4.0,136.0,27.0,1.0,86.0,28.0,1.0,11.0,2.0,0.0,2002,Rehnquist
2002-076,1,3.0,27.0,216.0,2.0,109.0,109.0,0.0,1.0,2.0,1.0,2002,Rehnquist
2002-077,1,2.0,239.0,26.0,1.0,81.0,81.0,0.0,12.0,1.0,0.0,2002,Rehnquist
2002-078,0,2.0,239.0,26.0,1.0,81.0,26.0,1.0,2.0,2.0,0.0,2002,Rehnquist
2002-079,1,10.0,159.0,19.0,1.0,49.0,29.0,0.0,10.0,1.0,0.0,2002,Rehnquist
2002-080,0,8.0,135.0,138.0,1.0,302.0,300.0,0.0,11.0,1.0,0.0,2002,Rehnquist
2002-081,1,2.0,28.0,1.0,2.0,55.0,55.0,1.0,1.0,2.0,0.0,2002,Rehnquist
2002-082,1,1.0,126.0,28.0,1.0,79.0,24.0,0.0,12.0,1.0,0.0,2002,Rehnquist
2002-083,1,5.0,162.0,28.0,1.0,302.0,301.0,1.0,11.0,1.0,0.0,2002,Rehnquist
2002-084,1,1.0,100.0,28.0,1.0,302.0,301.0,0.0,11.0,1.0,0.0,2002,Rehnquist
2002-085,0,9.0,184.0,214.0,1.0,302.0,300.0,1.0,11.0,2.0,0.0,2002,Rehnquist
2003-001,1,1.0,28.0,215.0,1.0,48.0,29.0,0.0,12.0,2.0,0.0,2003,Rehnquist
2003-002,1,1.0,28.0,126.0,1.0,103.0,26.0,0.0,12.0,2.0,0.0,2003,Rehnquist
2003-003,1,2.0,406.0,140.0,1.0,92.0,23.0,1.0,2.0,2.0,0.0,2003,Rehnquist
2003-004,1,1.0,27.0,100.0,1.0,90.0,29.0,1.0,11.0,2.0,0.0,2003,Rehnquist
2003-005,1,2.0,151.0,145.0,1.0,45.0,29.0,0.0,12.0,2.0,0.0,2003,Rehnquist
2003-006,1,3.0,23.0,343.0,2.0,55.0,55.0,0.0,1.0,3.0,1.0,2003,Rehnquist
2003-019,1,1.0,28.0,100.0,1.0,302.0,300.0,1.0,12.0,2.0,0.0,2003,Rehnquist
2003-020,1,1.0,126.0,27.0,1.0,61.0,31.0,1.0,2.0,1.0,0.0,2003,Rehnquist
2003-021,1,8.0,405.0,233.0,1.0,60.0,31.0,0.0,12.0,1.0,0.0,2003,Rehnquist
2003-022,1,8.0,205.0,111.0,1.0,96.0,22.0,0.0,11.0,2.0,0.0,2003,Rehnquist
2003-023,1,1.0,28.0,100.0,1.0,302.0,300.0,1.0,2.0,2.0,0.0,2003,Rehnquist
2003-024,1,10.0,129.0,19.0,1.0,119.0,25.0,0.0,2.0,1.0,0.0,2003,Rehnquist
2003-025,0,8.0,114.0,135.0,1.0,66.0,27.0,0.0,2.0,1.0,0.0,2003,Rehnquist
2003-026,0,8.0,7.0,333.0,1.0,29.0,29.0,0.0,10.0,3.0,0.0,2003,Rehnquist
2003-027,1,1.0,100.0,27.0,1.0,89.0,28.0,0.0,12.0,1.0,0.0,2003,Rehnquist
2003-028,0,6.0,111.0,102.0,1.0,127.0,24.0,0.0,2.0,1.0,0.0,2003,Rehnquist
2003-029,1,4.0,28.0,100.0,1.0,302.0,301.0,0.0,12.0,2.0,0.0,2003,Rehnquist
2003-030,0,8.0,8.0,195.0,1.0,88.0,29.0,0.0,12.0,2.0,0.0,2003,Rehnquist
2003-031,1,2.0,151.0,145.0,1.0,103.0,26.0,1.0,2.0,1.0,0.0,2003,Rehnquist
2003-032,0,5.0,208.0,371.0,1.0,127.0,24.0,1.0,2.0,1.0,0.0,2003,Rehnquist
2003-033,0,8.0,104.0,208.0,1.0,50.0,29.0,0.0,12.0,2.0,0.0,2003,Rehnquist
2003-034,1,1.0,126.0,28.0,1.0,119.0,25.0,0.0,12.0,1.0,0.0,2003,Rehnquist
2003-035,1,3.0,211.0,239.0,1.0,129.0,29.0,1.0,12.0,1.0,0.0,2003,Rehnquist
2003-036,1,8.0,412.0,176.0,1.0,50.0,29.0,0.0,11.0,2.0,0.0,2003,Rehnquist
2003-037,0,2.0,215.0,19.0,1.0,81.0,26.0,0.0,2.0,1.0,0.0,2003,Rehnquist
2003-038,1,8.0,151.0,146.0,1.0,116.0,26.0,0.0,2.0,1.0,0.0,2003,Rehnquist
2003-039,1,9.0,126.0,28.0,1.0,108.0,29.0,1.0,11.0,2.0,0.0,2003,Rehnquist
2003-040,1,1.0,100.0,28.0,1.0,302.0,300.0,0.0,11.0,1.0,0.0,2003,Rehnquist
2003-041,1,1.0,28.0,100.0,1.0,302.0,300.0,1.0,5.0,2.0,0.0,2003,Rehnquist
2003-042,1,8.0,7.0,170.0,1.0,58.0,31.0,0.0,12.0,2.0,0.0,2003,Rehnquist
2003-043,1,12.0,27.0,240.0,1.0,48.0,29.0,0.0,12.0,1.0,0.0,2003,Rehnquist
2003-044,1,10.0,19.0,3.0,1.0,28.0,28.0,0.0,2.0,2.0,0.0,2003,Rehnquist
2003-045,1,1.0,27.0,100.0,1.0,51.0,29.0,0.0,12.0,2.0,0.0,2003,Rehnquist
2003-046,1,5.0,327.0,214.0,1.0,51.0,29.0,1.0,2.0,2.0,0.0,2003,Rehnquist
2003-047,1,8.0,187.0,27.0,1.0,90.0,29.0,0.0,12.0,2.0,0.0,2003,Rehnquist
2003-048,1,2.0,27.0,170.0,1.0,101.0,28.0,1.0,2.0,2.0,0.0,2003,Rehnquist
2003-049,1,8.0,135.0,134.0,1.0,104.0,26.0,0.0,11.0,2.0,0.0,2003,Rehnquist
2003-050,1,10.0,198.0,18.0,1.0,48.0,29.0,0.0,12.0,2.0,0.0,2003,Rehnquist
2003-051,0,9.0,251.0,211.0,2.0,110.0,110.0,0.0,1.0,1.0,1.0,2003,Rehnquist
2003-052,1,9.0,183.0,151.0,1.0,66.0,27.0,0.0,2.0,2.0,0.0,2003,Rehnquist
2003-053,1,1.0,28.0,215.0,1.0,119.0,25.0,0.0,2.0,2.0,0.0,2003,Rehnquist
2003-054,1,6.0,250.0,414.0,1.0,6.0,8.0,1.0,2.0,1.0,0.0,2003,Rehnquist
2003-055,0,9.0,100.0,28.0,1.0,302.0,300.0,0.0,12.0,1.0,0.0,2003,Rehnquist
2003-056,1,1.0,28.0,100.0,1.0,51.0,29.0,0.0,12.0,2.0,0.0,2003,Rehnquist
2003-057,0,10.0,4.0,239.0,1.0,118.0,26.0,0.0,12.0,2.0,0.0,2003,Rehnquist
2003-058,1,8.0,114.0,135.0,1.0,69.0,27.0,1.0,12.0,1.0,0.0,2003,Rehnquist
2003-059,0,2.0,28.0,140.0,1.0,117.0,26.0,0.0,12.0,2.0,0.0,2003,Rehnquist
2003-060,1,9.0,159.0,122.0,1.0,121.0,25.0,0.0,12.0,2.0,0.0,2003,Rehnquist
2003-061,0,10.0,139.0,27.0,1.0,83.0,28.0,1.0,2.0,2.0,0.0,2003,Rehnquist
2003-062,0,1.0,100.0,27.0,1.0,126.0,24.0,0.0,12.0,1.0,0.0,2003,Rehnquist
2003-063,1,2.0,215.0,19.0,1.0,41.0,31.0,1.0,12.0,1.0,0.0,2003,Rehnquist
2003-064,1,1.0,28.0,100.0,1.0,48.0,29.0,0.0,12.0,2.0,0.0,2003,Rehnquist
2003-065,0,1.0,24.0,127.0,1.0,48.0,29.0,0.0,11.0,2.0,0.0,2003,Rehnquist
2003-066,0,8.0,146.0,230.0,1.0,65.0,27.0,1.0,2.0,2.0,0.0,2003,Rehnquist
2003-067,1,8.0,329.0,150.0,1.0,29.0,29.0,0.0,12.0,3.0,0.0,2003,Rehnquist
2003-068,1,3.0,3.0,117.0,1.0,52.0,30.0,0.0,7.0,2.0,0.0,2003,Rehnquist
2003-069,1,9.0,21.0,153.0,1.0,49.0,29.0,1.0,10.0,2.0,0.0,2003,Rehnquist
2003-070,1,8.0,329.0,150.0,1.0,123.0,30.0,1.0,12.0,2.0,0.0,2003,Rehnquist
2003-071,1,1.0,27.0,137.0,1.0,48.0,29.0,1.0,11.0,2.0,0.0,2003,Rehnquist
2003-072,0,10.0,7.0,25.0,1.0,45.0,29.0,0.0,2.0,2.0,0.0,2003,Rehnquist
2003-073,1,2.0,7.0,9.0,1.0,110.0,23.0,0.0,2.0,2.0,0.0,2003,Rehnquist
2003-074,1,8.0,159.0,159.0,1.0,55.0,32.0,1.0,2.0,2.0,0.0,2003,Rehnquist
2003-075,0,1.0,100.0,6.0,1.0,302.0,300.0,1.0,12.0,1.0,0.0,2003,Rehnquist
2003-076,1,10.0,146.0,145.0,1.0,120.0,25.0,0.0,11.0,1.0,0.0,2003,Rehnquist
2003-077,1,1.0,28.0,215.0,1.0,48.0,29.0,1.0,12.0,2.0,0.0,2003,Rehnquist
2003-078,0,5.0,133.0,133.0,1.0,50.0,29.0,0.0,2.0,2.0,0.0,2003,Rehnquist
2003-079,1,1.0,126.0,28.0,1.0,121.0,25.0,1.0,12.0,1.0,0.0,2003,Rehnquist
2003-080,1,1.0,100.0,28.0,1.0,302.0,300.0,0.0,12.0,1.0,0.0,2003,Rehnquist
2003-081,1,1.0,28.0,100.0,1.0,45.0,29.0,1.0,12.0,2.0,0.0,2003,Rehnquist
2003-082,1,5.0,211.0,6.0,1.0,55.0,32.0,1.0,12.0,2.0,0.0,2003,Rehnquist
2003-083,1,1.0,28.0,126.0,1.0,110.0,23.0,0.0,11.0,2.0,0.0,2003,Rehnquist
2003-084,1,1.0,324.0,215.0,1.0,96.0,22.0,0.0,11.0,2.0,0.0,2003,Rehnquist
2003-085,1,1.0,106.0,211.0,1.0,55.0,32.0,0.0,12.0,1.0,0.0,2003,Rehnquist
2003-086,1,4.0,215.0,324.0,1.0,126.0,24.0,0.0,12.0,1.0,0.0,2003,Rehnquist
2003-087,0,1.0,28.0,100.0,1.0,302.0,300.0,1.0,2.0,2.0,0.0,2003,Rehnquist
2003-088,1,1.0,27.0,100.0,1.0,52.0,30.0,0.0,2.0,2.0,0.0,2003,Rehnquist
2003-089,1,1.0,28.0,126.0,1.0,117.0,26.0,0.0,12.0,2.0,0.0,2003,Rehnquist
2003-090,0,3.0,1.0,207.0,1.0,109.0,23.0,0.0,12.0,2.0,0.0,2003,Rehnquist
2003-091,1,8.0,106.0,106.0,1.0,48.0,29.0,1.0,7.0,2.0,0.0,2003,Rehnquist
2004-001,1,2.0,106.0,1.0,1.0,31.0,31.0,0.0,2.0,1.0,0.0,2004,Rehnquist
2004-002,1,8.0,231.0,184.0,1.0,60.0,31.0,1.0,11.0,2.0,0.0,2004,Rehnquist
2004-003,1,1.0,126.0,28.0,1.0,302.0,300.0,0.0,12.0,1.0,0.0,2004,Rehnquist
2004-004,1,8.0,125.0,123.0,1.0,126.0,24.0,1.0,2.0,2.0,0.0,2004,Rehnquist
2004-005,1,3.0,3.0,8.0,1.0,51.0,29.0,0.0,12.0,2.0,0.0,2004,Rehnquist
2004-006,0,11.0,28.0,28.0,9.0,,,0.0,1.0,,0.0,2004,Rehnquist
2004-007,1,8.0,184.0,172.0,1.0,48.0,29.0,0.0,2.0,1.0,0.0,2004,Rehnquist
2004-008,1,9.0,16.0,111.0,1.0,81.0,26.0,1.0,12.0,2.0,0.0,2004,Rehnquist
2004-009,1,1.0,8.0,100.0,1.0,129.0,29.0,1.0,12.0,2.0,0.0,2004,Rehnquist
2004-010,1,8.0,184.0,122.0,1.0,120.0,25.0,1.0,12.0,2.0,0.0,2004,Rehnquist
2004-011,1,1.0,28.0,126.0,1.0,302.0,300.0,1.0,10.0,2.0,0.0,2004,Rehnquist
2004-012,1,8.0,9.0,208.0,1.0,129.0,29.0,0.0,12.0,2.0,0.0,2004,Rehnquist
2004-013,0,1.0,100.0,27.0,1.0,56.0,31.0,0.0,2.0,1.0,0.0,2004,Rehnquist
2004-014,0,1.0,27.0,100.0,1.0,133.0,27.0,1.0,12.0,1.0,0.0,2004,Rehnquist
2004-015,0,2.0,106.0,368.0,1.0,83.0,28.0,0.0,12.0,1.0,0.0,2004,Rehnquist
2004-016,0,2.0,368.0,106.0,1.0,108.0,29.0,0.0,2.0,2.0,0.0,2004,Rehnquist
2004-017,1,1.0,28.0,100.0,1.0,302.0,300.0,0.0,12.0,2.0,0.0,2004,Rehnquist
2004-018,1,12.0,369.0,240.0,1.0,9.0,26.0,0.0,2.0,1.0,0.0,2004,Rehnquist
2004-019,0,9.0,100.0,28.0,1.0,302.0,300.0,0.0,11.0,1.0,0.0,2004,Rehnquist
2004-020,1,9.0,28.0,100.0,1.0,118.0,26.0,1.0,12.0,1.0,0.0,2004,Rehnquist
2004-021,1,1.0,100.0,28.0,1.0,302.0,300.0,0.0,12.0,1.0,0.0,2004,Rehnquist
2004-022,1,8.0,145.0,176.0,1.0,80.0,21.0,0.0,7.0,1.0,0.0,2004,Rehnquist
2004-023,1,2.0,215.0,28.0,1.0,48.0,29.0,1.0,11.0,1.0,0.0,2004,Rehnquist
2004-024,0,1.0,28.0,126.0,1.0,302.0,300.0,0.0,12.0,2.0,0.0,2004,Rehnquist
2004-025,1,2.0,170.0,363.0,1.0,105.0,30.0,0.0,2.0,1.0,0.0,2004,Rehnquist
2004-026,1,8.0,314.0,174.0,1.0,129.0,29.0,1.0,12.0,2.0,0.0,2004,Rehnquist
2004-027,1,1.0,126.0,27.0,1.0,80.0,21.0,0.0,2.0,1.0,0.0,2004,Rehnquist
2004-028,1,9.0,240.0,369.0,1.0,9.0,31.0,0.0,11.0,2.0,0.0,2004,Rehnquist
2004-029,0,1.0,7.0,215.0,1.0,103.0,26.0,0.0,12.0,2.0,0.0,2004,Rehnquist
2004-030,1,1.0,19.0,106.0,1.0,48.0,29.0,0.0,12.0,2.0,0.0,2004,Rehnquist
2004-031,1,2.0,3.0,195.0,1.0,48.0,29.0,0.0,12.0,2.0,0.0,2004,Rehnquist
2004-032,1,1.0,28.0,126.0,1.0,48.0,29.0,1.0,11.0,2.0,0.0,2004,Rehnquist
2004-033,1,2.0,10.0,21.0,1.0,42.0,31.0,0.0,2.0,1.0,0.0,2004,Rehnquist
2004-034,1,2.0,3.0,170.0,1.0,95.0,22.0,1.0,12.0,2.0,0.0,2004,Rehnquist
2004-035,0,2.0,8.0,3.0,1.0,85.0,25.0,1.0,12.0,2.0,0.0,2004,Rehnquist
2004-036,1,1.0,126.0,28.0,1.0,115.0,28.0,0.0,2.0,1.0,0.0,2004,Rehnquist
2004-037,1,9.0,198.0,159.0,1.0,92.0,23.0,0.0,2.0,1.0,0.0,2004,Rehnquist
2004-038,0,9.0,126.0,27.0,1.0,59.0,31.0,1.0,2.0,1.0,0.0,2004,Rehnquist
2004-039,1,8.0,114.0,135.0,1.0,47.0,28.0,0.0,2.0,1.0,0.0,2004,Rehnquist
2004-040,1,8.0,122.0,173.0,1.0,51.0,29.0,0.0,2.0,2.0,0.0,2004,Rehnquist
2004-041,0,1.0,126.0,27.0,1.0,79.0,24.0,1.0,2.0,1.0,0.0,2004,Rehnquist
2004-042,1,1.0,100.0,27.0,1.0,111.0,23.0,0.0,2.0,1.0,0.0,2004,Rehnquist
2004-043,0,9.0,215.0,28.0,1.0,109.0,23.0,0.0,2.0,1.0,0.0,2004,Rehnquist
2004-044,1,10.0,152.0,128.0,1.0,120.0,25.0,0.0,5.0,2.0,0.0,2004,Rehnquist
2004-045,0,8.0,211.0,134.0,1.0,81.0,26.0,0.0,11.0,2.0,0.0,2004,Rehnquist
2004-046,1,4.0,211.0,198.0,1.0,63.0,29.0,1.0,12.0,1.0,0.0,2004,Rehnquist
2004-047,1,3.0,304.0,152.0,1.0,115.0,28.0,0.0,12.0,2.0,0.0,2004,Rehnquist
2004-048,1,3.0,4.0,251.0,1.0,107.0,30.0,0.0,11.0,2.0,0.0,2004,Rehnquist
2004-049,1,4.0,100.0,28.0,1.0,302.0,300.0,0.0,11.0,1.0,0.0,2004,Rehnquist
2004-050,0,9.0,100.0,28.0,1.0,121.0,25.0,0.0,11.0,1.0,0.0,2004,Rehnquist
2004-051,1,1.0,216.0,27.0,1.0,121.0,25.0,0.0,2.0,1.0,0.0,2004,Rehnquist
2004-052,1,3.0,215.0,7.0,1.0,104.0,26.0,0.0,2.0,1.0,0.0,2004,Rehnquist
2004-053,1,3.0,214.0,111.0,1.0,302.0,301.0,0.0,12.0,1.0,0.0,2004,Rehnquist
2004-054,1,10.0,1.0,208.0,1.0,50.0,29.0,1.0,10.0,2.0,0.0,2004,Rehnquist
2004-055,0,10.0,28.0,27.0,9.0,,,0.0,1.0,,0.0,2004,Rehnquist
2004-056,1,2.0,140.0,116.0,1.0,121.0,25.0,0.0,2.0,1.0,0.0,2004,Rehnquist
2004-057,1,2.0,100.0,28.0,1.0,302.0,300.0,1.0,12.0,1.0,0.0,2004,Rehnquist
2004-058,1,1.0,28.0,126.0,1.0,104.0,26.0,1.0,11.0,2.0,0.0,2004,Rehnquist
2004-059,1,8.0,143.0,172.0,1.0,51.0,8.0,1.0,11.0,2.0,0.0,2004,Rehnquist
2004-060,1,4.0,7.0,215.0,1.0,103.0,26.0,0.0,11.0,2.0,0.0,2004,Rehnquist
2004-061,1,1.0,126.0,28.0,1.0,120.0,25.0,0.0,12.0,1.0,0.0,2004,Rehnquist
2004-062,0,9.0,195.0,195.0,1.0,82.0,26.0,0.0,2.0,2.0,0.0,2004,Rehnquist
2004-063,0,4.0,195.0,3.0,1.0,50.0,29.0,0.0,2.0,2.0,0.0,2004,Rehnquist
2004-064,0,1.0,215.0,27.0,1.0,58.0,31.0,0.0,2.0,1.0,0.0,2004,Rehnquist
2004-065,1,1.0,100.0,28.0,1.0,109.0,23.0,1.0,12.0,1.0,0.0,2004,Rehnquist
2004-066,1,9.0,18.0,9.0,1.0,100.0,24.0,1.0,2.0,2.0,0.0,2004,Rehnquist
2004-067,0,8.0,245.0,4.0,1.0,302.0,301.0,0.0,12.0,2.0,0.0,2004,Rehnquist
2004-068,0,10.0,245.0,4.0,1.0,302.0,301.0,0.0,12.0,1.0,0.0,2004,Rehnquist
2004-069,0,4.0,195.0,3.0,1.0,302.0,300.0,1.0,11.0,2.0,0.0,2004,Rehnquist
2004-070,0,9.0,215.0,28.0,1.0,58.0,31.0,1.0,12.0,1.0,0.0,2004,Rehnquist
2004-071,0,9.0,198.0,161.0,1.0,57.0,31.0,0.0,2.0,2.0,0.0,2004,Rehnquist
2004-072,0,8.0,152.0,27.0,1.0,49.0,29.0,0.0,2.0,2.0,0.0,2004,Rehnquist
2004-073,1,2.0,213.0,28.0,1.0,302.0,300.0,1.0,11.0,1.0,0.0,2004,Rehnquist
2004-074,1,1.0,28.0,215.0,1.0,49.0,29.0,1.0,2.0,2.0,0.0,2004,Rehnquist
2004-075,0,3.0,214.0,19.0,1.0,122.0,25.0,0.0,12.0,1.0,0.0,2004,Rehnquist
2004-076,1,4.0,3.0,253.0,1.0,52.0,30.0,1.0,12.0,2.0,0.0,2004,Rehnquist
2004-077,1,9.0,28.0,215.0,1.0,116.0,26.0,1.0,12.0,2.0,0.0,2004,Rehnquist
2004-078,0,3.0,5.0,207.0,1.0,73.0,26.0,1.0,12.0,2.0,0.0,2004,Rehnquist
2004-079,1,8.0,156.0,133.0,1.0,48.0,29.0,0.0,12.0,2.0,0.0,2004,Rehnquist
2004-080,1,9.0,124.0,133.0,1.0,29.0,29.0,0.0,10.0,3.0,0.0,2004,Rehnquist
2005-001,1,1.0,126.0,28.0,1.0,81.0,26.0,1.0,,1.0,0.0,2005,Roberts
2005-002,1,1.0,28.0,126.0,1.0,45.0,29.0,0.0,,2.0,0.0,2005,Roberts
2005-003,1,2.0,28.0,126.0,1.0,48.0,29.0,0.0,2.0,2.0,0.0,2005,Roberts
2005-004,1,1.0,126.0,27.0,1.0,158.0,27.0,0.0,7.0,1.0,0.0,2005,Roberts
2005-005,0,7.0,158.0,145.0,1.0,128.0,29.0,0.0,2.0,2.0,0.0,2005,Roberts
2005-006,1,8.0,27.0,145.0,1.0,45.0,29.0,0.0,12.0,2.0,0.0,2005,Roberts
2005-007,0,2.0,140.0,21.0,1.0,79.0,24.0,1.0,11.0,1.0,0.0,2005,Roberts
2005-008,0,9.0,28.0,100.0,1.0,302.0,300.0,0.0,1.0,2.0,0.0,2005,Roberts
2005-009,1,1.0,28.0,100.0,1.0,103.0,26.0,0.0,12.0,2.0,0.0,2005,Roberts
2005-010,1,9.0,195.0,241.0,1.0,126.0,24.0,0.0,2.0,1.0,0.0,2005,Roberts
2005-011,1,2.0,7.0,170.0,1.0,72.0,30.0,0.0,12.0,2.0,0.0,2005,Roberts
2005-012,0,6.0,134.0,135.0,1.0,93.0,30.0,0.0,2.0,1.0,0.0,2005,Roberts
2005-013,0,9.0,239.0,27.0,1.0,129.0,29.0,0.0,2.0,1.0,0.0,2005,Roberts
2005-014,1,10.0,27.0,28.0,1.0,61.0,31.0,0.0,11.0,1.0,0.0,2005,Roberts
2005-015,1,8.0,184.0,125.0,1.0,47.0,28.0,1.0,11.0,2.0,0.0,2005,Roberts
2005-016,1,1.0,28.0,215.0,1.0,49.0,29.0,0.0,12.0,2.0,0.0,2005,Roberts
2005-017,1,1.0,28.0,215.0,1.0,49.0,29.0,0.0,12.0,2.0,0.0,2005,Roberts
2005-018,0,5.0,1.0,28.0,1.0,108.0,29.0,1.0,12.0,2.0,0.0,2005,Roberts
2005-019,1,9.0,113.0,240.0,1.0,114.0,24.0,1.0,2.0,2.0,0.0,2005,Roberts
2005-020,1,5.0,19.0,207.0,1.0,91.0,21.0,0.0,11.0,2.0,0.0,2005,Roberts
2005-021,1,1.0,28.0,100.0,1.0,48.0,29.0,1.0,13.0,2.0,0.0,2005,Roberts
2005-022,0,9.0,19.0,133.0,1.0,95.0,22.0,0.0,11.0,2.0,0.0,2005,Roberts
2005-023,0,10.0,28.0,114.0,1.0,73.0,26.0,0.0,11.0,2.0,0.0,2005,Roberts
2005-024,1,9.0,158.0,158.0,1.0,107.0,8.0,0.0,12.0,2.0,0.0,2005,Roberts
2005-025,1,3.0,207.0,343.0,2.0,55.0,55.0,0.0,1.0,1.0,1.0,2005,Roberts
2005-026,0,10.0,28.0,27.0,9.0,,,0.0,1.0,,0.0,2005,Roberts
2005-027,0,3.0,1.0,130.0,1.0,93.0,30.0,1.0,2.0,2.0,0.0,2005,Roberts
2005-028,1,8.0,135.0,138.0,1.0,302.0,300.0,0.0,12.0,2.0,0.0,2005,Roberts
2005-029,1,8.0,24.0,174.0,1.0,51.0,29.0,0.0,12.0,2.0,0.0,2005,Roberts
2005-030,1,2.0,182.0,151.0,1.0,42.0,31.0,0.0,12.0,1.0,0.0,2005,Roberts
2005-031,1,9.0,251.0,19.0,2.0,52.0,52.0,0.0,1.0,3.0,1.0,2005,Roberts
2005-032,1,2.0,161.0,161.0,1.0,90.0,29.0,0.0,2.0,2.0,0.0,2005,Roberts
2005-033,1,8.0,208.0,412.0,1.0,109.0,23.0,0.0,2.0,1.0,0.0,2005,Roberts
2005-034,1,2.0,154.0,151.0,1.0,75.0,25.0,0.0,2.0,1.0,0.0,2005,Roberts
2005-035,1,1.0,28.0,126.0,1.0,302.0,300.0,0.0,13.0,2.0,0.0,2005,Roberts
2005-036,1,8.0,198.0,195.0,1.0,48.0,29.0,1.0,11.0,2.0,0.0,2005,Roberts
2005-037,1,5.0,218.0,207.0,1.0,66.0,27.0,0.0,11.0,2.0,0.0,2005,Roberts
2005-038,1,8.0,173.0,184.0,1.0,48.0,8.0,0.0,11.0,2.0,0.0,2005,Roberts
2005-039,1,3.0,324.0,207.0,1.0,92.0,23.0,1.0,12.0,2.0,0.0,2005,Roberts
2005-040,1,10.0,119.0,145.0,1.0,96.0,22.0,0.0,2.0,2.0,0.0,2005,Roberts
2005-041,1,1.0,27.0,100.0,1.0,49.0,29.0,0.0,12.0,2.0,0.0,2005,Roberts
2005-042,0,1.0,28.0,100.0,1.0,302.0,300.0,0.0,6.0,2.0,0.0,2005,Roberts
2005-043,0,11.0,28.0,28.0,1.0,,,0.0,,3.0,0.0,2005,Roberts
2005-044,1,2.0,1.0,106.0,1.0,29.0,29.0,1.0,11.0,2.0,0.0,2005,Roberts
2005-045,1,1.0,126.0,27.0,1.0,121.0,25.0,0.0,,1.0,0.0,2005,Roberts
2005-046,1,8.0,171.0,5.0,1.0,61.0,31.0,0.0,11.0,1.0,0.0,2005,Roberts
2005-047,0,1.0,215.0,28.0,1.0,57.0,31.0,0.0,2.0,1.0,0.0,2005,Roberts
2005-048,1,4.0,195.0,123.0,1.0,302.0,300.0,0.0,5.0,1.0,0.0,2005,Roberts
2005-049,1,3.0,19.0,185.0,1.0,55.0,32.0,0.0,2.0,2.0,0.0,2005,Roberts
2005-050,0,2.0,7.0,180.0,1.0,46.0,28.0,0.0,2.0,2.0,0.0,2005,Roberts
2005-051,1,9.0,253.0,166.0,1.0,48.0,29.0,0.0,7.0,1.0,0.0,2005,Roberts
2005-052,1,4.0,100.0,28.0,1.0,302.0,300.0,0.0,12.0,1.0,0.0,2005,Roberts
2005-053,1,9.0,189.0,25.0,1.0,103.0,26.0,0.0,2.0,2.0,0.0,2005,Roberts
2005-054,0,8.0,208.0,146.0,1.0,79.0,24.0,0.0,2.0,1.0,0.0,2005,Roberts
2005-055,0,8.0,148.0,4.0,1.0,302.0,300.0,0.0,12.0,2.0,0.0,2005,Roberts
2005-056,1,8.0,233.0,172.0,1.0,126.0,8.0,0.0,11.0,1.0,0.0,2005,Roberts
2005-057,1,1.0,3.0,100.0,1.0,302.0,300.0,0.0,9.0,2.0,0.0,2005,Roberts
2005-058,1,3.0,5.0,8.0,1.0,48.0,29.0,1.0,12.0,2.0,0.0,2005,Roberts
2005-059,1,9.0,238.0,238.0,1.0,96.0,22.0,0.0,12.0,2.0,0.0,2005,Roberts
2005-060,1,1.0,137.0,27.0,1.0,94.0,22.0,0.0,2.0,1.0,0.0,2005,Roberts
2005-061,1,9.0,8.0,329.0,1.0,44.0,29.0,0.0,11.0,1.0,0.0,2005,Roberts
2005-062,1,9.0,154.0,151.0,1.0,60.0,31.0,0.0,12.0,1.0,0.0,2005,Roberts
2005-063,1,1.0,126.0,28.0,1.0,116.0,26.0,1.0,12.0,1.0,0.0,2005,Roberts
2005-064,1,2.0,126.0,28.0,1.0,57.0,31.0,0.0,12.0,1.0,0.0,2005,Roberts
2005-065,0,1.0,126.0,28.0,1.0,302.0,301.0,0.0,12.0,1.0,0.0,2005,Roberts
2005-066,1,9.0,173.0,119.0,1.0,67.0,27.0,0.0,2.0,2.0,0.0,2005,Roberts
2005-067,1,8.0,151.0,171.0,1.0,130.0,24.0,1.0,2.0,1.0,0.0,2005,Roberts
2005-068,0,9.0,171.0,8.0,1.0,96.0,22.0,1.0,2.0,1.0,0.0,2005,Roberts
2005-069,1,8.0,195.0,27.0,1.0,81.0,26.0,0.0,11.0,2.0,0.0,2005,Roberts
2005-070,0,1.0,137.0,28.0,1.0,302.0,300.0,1.0,12.0,1.0,0.0,2005,Roberts
2005-071,0,1.0,217.0,28.0,1.0,302.0,301.0,0.0,10.0,1.0,0.0,2005,Roberts
2005-072,1,1.0,126.0,28.0,1.0,302.0,300.0,1.0,2.0,1.0,0.0,2005,Roberts
2005-073,0,4.0,100.0,27.0,1.0,120.0,25.0,0.0,2.0,1.0,0.0,2005,Roberts
2005-074,0,2.0,106.0,1.0,1.0,30.0,30.0,0.0,2.0,1.0,0.0,2005,Roberts
2005-075,0,2.0,151.0,183.0,1.0,118.0,26.0,0.0,2.0,2.0,0.0,2005,Roberts
2005-076,1,9.0,28.0,215.0,1.0,50.0,29.0,0.0,2.0,2.0,0.0,2005,Roberts
2005-077,0,9.0,165.0,165.0,1.0,52.0,8.0,1.0,1.0,1.0,0.0,2005,Roberts
2005-078,0,1.0,27.0,100.0,1.0,86.0,28.0,0.0,12.0,2.0,0.0,2005,Roberts
2005-079,1,1.0,28.0,126.0,1.0,302.0,300.0,0.0,2.0,2.0,0.0,2005,Roberts
2005-080,1,1.0,28.0,137.0,1.0,302.0,300.0,0.0,11.0,2.0,0.0,2005,Roberts
2005-081,1,3.0,211.0,211.0,1.0,124.0,22.0,1.0,11.0,1.0,0.0,2005,Roberts
2005-082,1,6.0,21.0,202.0,1.0,96.0,22.0,0.0,2.0,2.0,0.0,2005,Roberts
2005-083,0,1.0,106.0,28.0,1.0,302.0,300.0,0.0,12.0,1.0,0.0,2005,Roberts
2005-084,1,2.0,251.0,211.0,2.0,119.0,119.0,0.0,1.0,3.0,1.0,2005,Roberts
2005-085,1,3.0,19.0,215.0,1.0,111.0,23.0,1.0,12.0,2.0,0.0,2005,Roberts
2005-086,1,1.0,106.0,324.0,1.0,55.0,32.0,0.0,10.0,1.0,0.0,2005,Roberts
2005-087,0,4.0,100.0,28.0,1.0,302.0,300.0,0.0,11.0,1.0,0.0,2005,Roberts
2006-001,1,9.0,5.0,251.0,1.0,45.0,29.0,0.0,,2.0,0.0,2006,Roberts
2006-002,1,1.0,28.0,126.0,1.0,49.0,29.0,1.0,12.0,2.0,0.0,2006,Roberts
2006-003,1,2.0,106.0,1.0,1.0,115.0,28.0,0.0,2.0,1.0,0.0,2006,Roberts
2006-004,0,9.0,137.0,27.0,1.0,121.0,25.0,0.0,12.0,1.0,0.0,2006,Roberts
2006-005,1,1.0,28.0,100.0,1.0,50.0,29.0,1.0,12.0,2.0,0.0,2006,Roberts
2006-006,0,9.0,198.0,326.0,1.0,55.0,32.0,0.0,2.0,2.0,0.0,2006,Roberts
2006-007,1,1.0,27.0,106.0,1.0,45.0,29.0,0.0,11.0,2.0,0.0,2006,Roberts
2006-008,1,9.0,173.0,177.0,1.0,48.0,8.0,0.0,12.0,2.0,0.0,2006,Roberts
2006-009,0,1.0,215.0,19.0,1.0,129.0,29.0,0.0,11.0,1.0,0.0,2006,Roberts
2006-010,1,8.0,231.0,145.0,1.0,302.0,301.0,0.0,12.0,2.0,0.0,2006,Roberts
2006-011,1,2.0,1.0,106.0,1.0,29.0,29.0,0.0,11.0,2.0,0.0,2006,Roberts
2006-012,1,1.0,215.0,19.0,1.0,81.0,26.0,0.0,2.0,1.0,0.0,2006,Roberts
2006-013,0,9.0,154.0,8.0,1.0,74.0,26.0,0.0,2.0,2.0,0.0,2006,Roberts
2006-014,1,1.0,126.0,28.0,1.0,302.0,300.0,1.0,12.0,1.0,0.0,2006,Roberts
2006-015,1,8.0,243.0,243.0,1.0,108.0,29.0,0.0,11.0,2.0,0.0,2006,Roberts
2006-016,0,1.0,215.0,28.0,1.0,57.0,31.0,0.0,12.0,1.0,0.0,2006,Roberts
2006-017,1,8.0,143.0,208.0,1.0,302.0,300.0,0.0,11.0,2.0,0.0,2006,Roberts
2006-018,0,8.0,138.0,113.0,1.0,21.0,21.0,0.0,2.0,1.0,0.0,2006,Roberts
2006-019,0,2.0,174.0,3.0,1.0,66.0,27.0,0.0,12.0,1.0,0.0,2006,Roberts
2006-020,1,1.0,19.0,100.0,1.0,90.0,29.0,1.0,2.0,2.0,0.0,2006,Roberts
2006-021,1,9.0,123.0,234.0,1.0,109.0,23.0,1.0,2.0,1.0,0.0,2006,Roberts
2006-022,0,9.0,251.0,19.0,1.0,52.0,52.0,0.0,,1.0,0.0,2006,Roberts
2006-023,1,6.0,171.0,148.0,1.0,50.0,29.0,0.0,2.0,1.0,0.0,2006,Roberts
2006-024,1,8.0,176.0,27.0,1.0,52.0,30.0,1.0,12.0,2.0,0.0,2006,Roberts
2006-025,1,8.0,19.0,211.0,1.0,15.0,15.0,0.0,11.0,2.0,0.0,2006,Roberts
2006-026,1,9.0,28.0,333.0,1.0,32.0,32.0,1.0,10.0,1.0,0.0,2006,Roberts
2006-027,1,8.0,150.0,219.0,1.0,99.0,24.0,0.0,12.0,1.0,0.0,2006,Roberts
2006-028,0,10.0,19.0,113.0,1.0,82.0,26.0,0.0,12.0,2.0,0.0,2006,Roberts
2006-029,0,8.0,205.0,205.0,1.0,129.0,29.0,0.0,11.0,2.0,0.0,2006,Roberts
2006-030,0,9.0,21.0,330.0,1.0,30.0,30.0,1.0,13.0,2.0,0.0,2006,Roberts
2006-031,1,5.0,1.0,206.0,1.0,89.0,28.0,0.0,12.0,2.0,0.0,2006,Roberts
2006-032,0,1.0,126.0,27.0,1.0,56.0,31.0,0.0,12.0,1.0,0.0,2006,Roberts
2006-033,1,1.0,137.0,28.0,1.0,120.0,25.0,1.0,12.0,1.0,0.0,2006,Roberts
2006-034,1,1.0,126.0,28.0,1.0,120.0,25.0,1.0,12.0,1.0,0.0,2006,Roberts
2006-035,1,1.0,126.0,28.0,1.0,302.0,300.0,1.0,12.0,1.0,0.0,2006,Roberts
2006-036,0,8.0,245.0,18.0,1.0,95.0,22.0,0.0,2.0,2.0,0.0,2006,Roberts
2006-037,1,1.0,8.0,208.0,1.0,60.0,31.0,0.0,12.0,2.0,0.0,2006,Roberts
2006-038,1,8.0,172.0,172.0,1.0,81.0,8.0,0.0,2.0,1.0,0.0,2006,Roberts
2006-039,0,12.0,240.0,27.0,1.0,122.0,25.0,0.0,2.0,2.0,0.0,2006,Roberts
2006-040,1,8.0,133.0,133.0,1.0,96.0,8.0,1.0,12.0,1.0,0.0,2006,Roberts
2006-041,1,1.0,19.0,126.0,1.0,45.0,29.0,1.0,12.0,2.0,0.0,2006,Roberts
2006-042,0,12.0,240.0,27.0,1.0,3.0,8.0,0.0,2.0,2.0,0.0,2006,Roberts
2006-043,0,9.0,23.0,145.0,1.0,55.0,32.0,0.0,12.0,2.0,0.0,2006,Roberts
2006-044,1,2.0,202.0,21.0,1.0,103.0,26.0,0.0,2.0,1.0,0.0,2006,Roberts
2006-045,1,8.0,205.0,134.0,1.0,96.0,22.0,0.0,11.0,2.0,0.0,2006,Roberts
2006-046,0,1.0,28.0,126.0,1.0,86.0,28.0,1.0,11.0,2.0,0.0,2006,Roberts
2006-047,1,1.0,5.0,174.0,1.0,48.0,29.0,1.0,12.0,2.0,0.0,2006,Roberts
2006-048,0,2.0,230.0,151.0,1.0,42.0,31.0,0.0,2.0,1.0,0.0,2006,Roberts
2006-049,1,1.0,28.0,126.0,1.0,129.0,29.0,0.0,12.0,2.0,0.0,2006,Roberts
2006-050,1,8.0,171.0,123.0,1.0,108.0,29.0,0.0,2.0,2.0,0.0,2006,Roberts
2006-051,1,6.0,7.0,218.0,1.0,58.0,31.0,0.0,11.0,2.0,0.0,2006,Roberts
2006-052,0,9.0,137.0,27.0,1.0,86.0,28.0,0.0,12.0,1.0,0.0,2006,Roberts
2006-053,1,9.0,215.0,19.0,1.0,52.0,30.0,0.0,12.0,1.0,0.0,2006,Roberts
2006-054,1,8.0,138.0,249.0,1.0,50.0,29.0,0.0,12.0,2.0,0.0,2006,Roberts
2006-055,0,1.0,126.0,28.0,1.0,49.0,29.0,0.0,12.0,1.0,0.0,2006,Roberts
2006-056,0,8.0,27.0,176.0,1.0,47.0,28.0,0.0,2.0,2.0,0.0,2006,Roberts
2006-057,1,9.0,134.0,143.0,1.0,46.0,28.0,0.0,12.0,1.0,0.0,2006,Roberts
2006-058,1,7.0,199.0,154.0,1.0,94.0,22.0,0.0,12.0,2.0,0.0,2006,Roberts
2006-059,1,7.0,8.0,28.0,1.0,302.0,300.0,1.0,12.0,2.0,0.0,2006,Roberts
2006-060,0,8.0,24.0,3.0,1.0,96.0,22.0,0.0,12.0,2.0,0.0,2006,Roberts
2006-061,0,9.0,126.0,28.0,1.0,103.0,26.0,0.0,12.0,1.0,0.0,2006,Roberts
2006-062,1,9.0,24.0,148.0,1.0,51.0,29.0,0.0,11.0,2.0,0.0,2006,Roberts
2006-063,1,1.0,137.0,28.0,1.0,302.0,300.0,1.0,11.0,1.0,0.0,2006,Roberts
2006-064,1,8.0,113.0,173.0,1.0,96.0,22.0,0.0,12.0,2.0,0.0,2006,Roberts
2006-065,1,3.0,216.0,232.0,1.0,117.0,26.0,1.0,12.0,2.0,0.0,2006,Roberts
2006-066,1,8.0,122.0,237.0,1.0,66.0,27.0,0.0,2.0,2.0,0.0,2006,Roberts
2006-067,0,1.0,137.0,27.0,1.0,100.0,24.0,0.0,2.0,1.0,0.0,2006,Roberts
2006-068,1,3.0,8.0,239.0,1.0,44.0,29.0,0.0,11.0,2.0,0.0,2006,Roberts
2006-069,0,3.0,343.0,207.0,2.0,55.0,55.0,1.0,1.0,3.0,1.0,2006,Roberts
2006-070,1,8.0,8.0,195.0,1.0,134.0,30.0,0.0,12.0,2.0,0.0,2006,Roberts
2006-071,1,9.0,211.0,240.0,1.0,133.0,27.0,1.0,11.0,2.0,0.0,2006,Roberts
2006-072,1,8.0,333.0,150.0,1.0,45.0,29.0,1.0,2.0,2.0,0.0,2006,Roberts
2006-073,1,2.0,202.0,21.0,1.0,129.0,29.0,0.0,12.0,2.0,0.0,2006,Roberts
2006-074,1,8.0,184.0,238.0,1.0,119.0,25.0,0.0,11.0,2.0,0.0,2006,Roberts
2006-075,1,1.0,136.0,28.0,1.0,122.0,25.0,0.0,12.0,1.0,0.0,2006,Roberts
2007-001,0,2.0,21.0,164.0,1.0,96.0,22.0,0.0,,2.0,0.0,2007,Roberts
2007-002,1,9.0,28.0,126.0,1.0,41.0,31.0,0.0,12.0,2.0,0.0,2007,Roberts
2007-003,1,8.0,231.0,4.0,1.0,60.0,31.0,1.0,12.0,2.0,0.0,2007,Roberts
2007-004,0,1.0,137.0,27.0,1.0,133.0,27.0,0.0,2.0,1.0,0.0,2007,Roberts
2007-005,1,1.0,126.0,27.0,1.0,71.0,28.0,0.0,11.0,1.0,0.0,2007,Roberts
2007-006,1,1.0,137.0,27.0,1.0,76.0,25.0,0.0,2.0,1.0,0.0,2007,Roberts
2007-007,1,1.0,137.0,27.0,1.0,126.0,24.0,0.0,10.0,1.0,0.0,2007,Roberts
2007-008,1,9.0,28.0,126.0,1.0,64.0,29.0,0.0,2.0,2.0,0.0,2007,Roberts
2007-009,1,1.0,28.0,126.0,1.0,132.0,27.0,1.0,12.0,2.0,0.0,2007,Roberts
2007-010,0,9.0,195.0,27.0,1.0,8.0,8.0,1.0,11.0,3.0,0.0,2007,Roberts
2007-011,0,8.0,173.0,233.0,1.0,86.0,28.0,0.0,2.0,1.0,0.0,2007,Roberts
2007-012,0,12.0,240.0,369.0,1.0,9.0,22.0,0.0,2.0,2.0,0.0,2007,Roberts
2007-013,1,3.0,4.0,16.0,1.0,94.0,22.0,0.0,12.0,2.0,0.0,2007,Roberts
2007-014,0,8.0,215.0,336.0,1.0,60.0,31.0,0.0,2.0,1.0,0.0,2007,Roberts
2007-015,1,8.0,230.0,151.0,1.0,114.0,24.0,0.0,12.0,1.0,0.0,2007,Roberts
2007-016,1,1.0,137.0,28.0,1.0,302.0,300.0,0.0,11.0,1.0,0.0,2007,Roberts
2007-017,0,10.0,204.0,181.0,1.0,95.0,22.0,0.0,11.0,1.0,0.0,2007,Roberts
2007-018,1,10.0,111.0,156.0,1.0,302.0,301.0,1.0,11.0,1.0,0.0,2007,Roberts
2007-019,0,10.0,19.0,245.0,1.0,91.0,21.0,0.0,11.0,2.0,0.0,2007,Roberts
2007-020,1,2.0,151.0,154.0,1.0,72.0,30.0,0.0,11.0,2.0,0.0,2007,Roberts
2007-021,0,2.0,151.0,145.0,1.0,96.0,22.0,0.0,2.0,2.0,0.0,2007,Roberts
2007-022,1,1.0,240.0,27.0,1.0,63.0,29.0,0.0,2.0,1.0,0.0,2007,Roberts
2007-023,0,10.0,143.0,208.0,1.0,96.0,22.0,0.0,,2.0,0.0,2007,Roberts
2007-024,1,2.0,207.0,211.0,1.0,129.0,29.0,0.0,11.0,1.0,0.0,2007,Roberts
2007-025,1,2.0,126.0,28.0,1.0,302.0,300.0,1.0,12.0,1.0,0.0,2007,Roberts
2007-026,0,10.0,126.0,28.0,1.0,302.0,300.0,0.0,11.0,1.0,0.0,2007,Roberts
2007-027,0,8.0,195.0,241.0,1.0,108.0,29.0,0.0,11.0,1.0,0.0,2007,Roberts
2007-028,0,11.0,28.0,28.0,9.0,,,0.0,1.0,,0.0,2007,Roberts
2007-029,1,12.0,27.0,132.0,1.0,8.0,8.0,0.0,12.0,1.0,0.0,2007,Roberts
2007-030,0,8.0,133.0,7.0,1.0,302.0,301.0,0.0,12.0,2.0,0.0,2007,Roberts
2007-031,0,1.0,126.0,7.0,1.0,302.0,301.0,0.0,11.0,1.0,0.0,2007,Roberts
2007-032,0,1.0,137.0,27.0,1.0,114.0,24.0,0.0,2.0,1.0,0.0,2007,Roberts
2007-033,1,1.0,126.0,27.0,1.0,93.0,30.0,1.0,11.0,1.0,0.0,2007,Roberts
2007-034,1,1.0,28.0,137.0,1.0,302.0,300.0,0.0,2.0,2.0,0.0,2007,Roberts
2007-035,0,2.0,251.0,5.0,1.0,67.0,27.0,0.0,10.0,1.0,0.0,2007,Roberts
2007-036,0,1.0,137.0,27.0,1.0,121.0,25.0,0.0,2.0,1.0,0.0,2007,Roberts
2007-037,1,1.0,27.0,126.0,1.0,129.0,29.0,0.0,2.0,2.0,0.0,2007,Roberts
2007-038,1,3.0,27.0,100.0,1.0,58.0,31.0,0.0,12.0,2.0,0.0,2007,Roberts
2007-039,1,8.0,7.0,25.0,1.0,302.0,301.0,0.0,2.0,1.0,0.0,2007,Roberts
2007-040,1,1.0,27.0,126.0,1.0,128.0,29.0,0.0,2.0,2.0,0.0,2007,Roberts
2007-041,1,2.0,211.0,251.0,2.0,41.0,41.0,0.0,1.0,2.0,1.0,2007,Roberts
2007-042,0,2.0,151.0,182.0,1.0,66.0,27.0,0.0,11.0,2.0,0.0,2007,Roberts
2007-043,1,2.0,183.0,412.0,1.0,112.0,21.0,0.0,2.0,1.0,0.0,2007,Roberts
2007-044,0,1.0,27.0,100.0,1.0,66.0,27.0,0.0,2.0,2.0,0.0,2007,Roberts
2007-045,1,1.0,100.0,27.0,1.0,121.0,25.0,1.0,12.0,1.0,0.0,2007,Roberts
2007-046,1,6.0,176.0,27.0,1.0,8.0,8.0,1.0,12.0,1.0,0.0,2007,Roberts
2007-047,0,2.0,8.0,7.0,1.0,108.0,29.0,1.0,2.0,1.0,0.0,2007,Roberts
2007-048,1,8.0,133.0,172.0,1.0,50.0,8.0,0.0,12.0,1.0,0.0,2007,Roberts
2007-049,0,8.0,173.0,173.0,1.0,66.0,27.0,0.0,2.0,2.0,0.0,2007,Roberts
2007-050,1,8.0,176.0,230.0,1.0,104.0,26.0,1.0,2.0,2.0,0.0,2007,Roberts
2007-051,0,1.0,215.0,306.0,1.0,55.0,32.0,0.0,12.0,1.0,0.0,2007,Roberts
2007-052,0,1.0,215.0,27.0,1.0,43.0,31.0,0.0,2.0,1.0,0.0,2007,Roberts
2007-053,1,1.0,106.0,211.0,1.0,55.0,32.0,0.0,12.0,1.0,0.0,2007,Roberts
2007-054,1,9.0,24.0,195.0,1.0,63.0,29.0,0.0,12.0,2.0,0.0,2007,Roberts
2007-055,1,9.0,214.0,334.0,1.0,55.0,32.0,0.0,2.0,1.0,0.0,2007,Roberts
2007-056,1,2.0,106.0,1.0,1.0,25.0,25.0,0.0,2.0,1.0,0.0,2007,Roberts
2007-057,1,8.0,7.0,114.0,1.0,58.0,31.0,0.0,2.0,2.0,0.0,2007,Roberts
2007-058,1,10.0,207.0,19.0,1.0,48.0,29.0,1.0,12.0,2.0,0.0,2007,Roberts
2007-059,1,2.0,145.0,151.0,1.0,95.0,22.0,1.0,12.0,1.0,0.0,2007,Roberts
2007-060,0,8.0,171.0,145.0,1.0,104.0,26.0,0.0,12.0,2.0,0.0,2007,Roberts
2007-061,1,2.0,4.0,332.0,1.0,74.0,26.0,1.0,10.0,2.0,0.0,2007,Roberts
2007-062,1,1.0,28.0,136.0,1.0,302.0,300.0,0.0,12.0,1.0,0.0,2007,Roberts
2007-063,1,2.0,126.0,5.0,1.0,122.0,25.0,0.0,12.0,1.0,0.0,2007,Roberts
2007-064,1,9.0,126.0,27.0,1.0,83.0,28.0,0.0,2.0,1.0,0.0,2007,Roberts
2007-065,0,9.0,205.0,102.0,1.0,55.0,32.0,1.0,2.0,2.0,0.0,2007,Roberts
2007-066,1,2.0,113.0,170.0,1.0,115.0,28.0,0.0,12.0,2.0,0.0,2007,Roberts
2007-067,1,1.0,137.0,28.0,1.0,302.0,300.0,0.0,12.0,1.0,0.0,2007,Roberts
2007-068,1,1.0,126.0,28.0,1.0,302.0,300.0,0.0,12.0,1.0,0.0,2007,Roberts
2007-069,1,8.0,116.0,157.0,1.0,44.0,29.0,0.0,11.0,2.0,0.0,2007,Roberts
2007-070,1,8.0,148.0,5.0,1.0,29.0,29.0,0.0,12.0,1.0,0.0,2007,Roberts
2007-071,0,1.0,28.0,8.0,1.0,55.0,32.0,0.0,12.0,1.0,0.0,2007,Roberts
2007-072,1,3.0,211.0,343.0,2.0,55.0,55.0,0.0,1.0,3.0,1.0,2007,Roberts
2007-073,0,1.0,126.0,28.0,12.0,302.0,300.0,0.0,1.0,1.0,0.0,2007,Roberts
2007-074,0,,122.0,119.0,1.0,96.0,22.0,0.0,,,,2007,Roberts
2008-001,1,1.0,137.0,27.0,1.0,70.0,28.0,0.0,12.0,1.0,0.0,2008,Roberts
2008-002,1,2.0,19.0,211.0,1.0,104.0,26.0,0.0,12.0,1.0,0.0,2008,Roberts
2008-003,1,8.0,377.0,150.0,1.0,48.0,29.0,0.0,12.0,2.0,0.0,2008,Roberts
2008-004,0,9.0,215.0,28.0,1.0,127.0,24.0,0.0,12.0,1.0,0.0,2008,Roberts
2008-005,1,1.0,28.0,215.0,1.0,50.0,29.0,0.0,12.0,2.0,0.0,2008,Roberts
2008-006,0,10.0,143.0,208.0,1.0,78.0,21.0,0.0,4.0,2.0,0.0,2008,Roberts
2008-007,1,9.0,126.0,28.0,1.0,120.0,25.0,0.0,12.0,1.0,0.0,2008,Roberts
2008-008,1,1.0,126.0,27.0,1.0,67.0,27.0,0.0,2.0,1.0,0.0,2008,Roberts
2008-009,0,1.0,126.0,27.0,1.0,41.0,31.0,0.0,5.0,1.0,0.0,2008,Roberts
2008-010,1,1.0,28.0,126.0,1.0,302.0,300.0,1.0,6.0,2.0,0.0,2008,Roberts
2008-011,1,1.0,28.0,215.0,1.0,129.0,29.0,1.0,12.0,2.0,0.0,2008,Roberts
2008-012,0,7.0,8.0,28.0,1.0,78.0,21.0,0.0,7.0,2.0,0.0,2008,Roberts
2008-013,1,2.0,8.0,174.0,1.0,123.0,30.0,1.0,11.0,2.0,0.0,2008,Roberts
2008-014,1,2.0,239.0,21.0,1.0,80.0,21.0,0.0,2.0,1.0,0.0,2008,Roberts
2008-015,1,1.0,137.0,27.0,1.0,70.0,28.0,1.0,2.0,1.0,0.0,2008,Roberts
2008-016,1,2.0,9.0,18.0,1.0,117.0,26.0,0.0,2.0,1.0,0.0,2008,Roberts
2008-017,0,8.0,166.0,146.0,1.0,119.0,25.0,0.0,5.0,2.0,0.0,2008,Roberts
2008-018,1,8.0,27.0,159.0,1.0,8.0,8.0,0.0,11.0,1.0,0.0,2008,Roberts
2008-019,1,1.0,28.0,126.0,1.0,302.0,301.0,1.0,12.0,2.0,0.0,2008,Roberts
2008-020,1,2.0,19.0,215.0,1.0,48.0,29.0,0.0,12.0,2.0,0.0,2008,Roberts
2008-021,1,1.0,137.0,27.0,1.0,130.0,24.0,0.0,12.0,1.0,0.0,2008,Roberts
2008-022,1,3.0,19.0,249.0,1.0,64.0,29.0,0.0,12.0,2.0,0.0,2008,Roberts
2008-023,1,2.0,211.0,326.0,1.0,113.0,21.0,0.0,12.0,2.0,0.0,2008,Roberts
2008-024,1,1.0,27.0,126.0,1.0,130.0,24.0,1.0,2.0,2.0,0.0,2008,Roberts
2008-025,1,8.0,205.0,133.0,1.0,48.0,29.0,1.0,2.0,2.0,0.0,2008,Roberts
2008-026,1,3.0,3.0,130.0,1.0,123.0,30.0,1.0,12.0,2.0,0.0,2008,Roberts
2008-027,1,9.0,410.0,150.0,1.0,49.0,29.0,0.0,12.0,2.0,0.0,2008,Roberts
2008-028,1,2.0,106.0,1.0,1.0,25.0,25.0,0.0,12.0,1.0,0.0,2008,Roberts
2008-029,0,10.0,143.0,204.0,1.0,302.0,300.0,1.0,8.0,2.0,0.0,2008,Roberts
2008-030,0,2.0,19.0,5.0,1.0,302.0,300.0,0.0,11.0,2.0,0.0,2008,Roberts
2008-031,1,10.0,134.0,113.0,1.0,79.0,24.0,1.0,2.0,2.0,0.0,2008,Roberts
2008-032,1,1.0,28.0,137.0,1.0,302.0,300.0,1.0,12.0,2.0,0.0,2008,Roberts
2008-033,0,11.0,28.0,28.0,9.0,,,0.0,1.0,,0.0,2008,Roberts
2008-034,1,2.0,28.0,215.0,1.0,49.0,29.0,0.0,11.0,2.0,0.0,2008,Roberts
2008-035,0,1.0,126.0,27.0,1.0,120.0,25.0,0.0,2.0,1.0,0.0,2008,Roberts
2008-036,0,1.0,126.0,28.0,1.0,302.0,300.0,0.0,6.0,1.0,0.0,2008,Roberts
2008-037,1,13.0,28.0,4.0,1.0,302.0,300.0,0.0,12.0,3.0,0.0,2008,Roberts
2008-038,0,9.0,143.0,208.0,1.0,302.0,300.0,0.0,12.0,2.0,0.0,2008,Roberts
2008-039,1,10.0,126.0,28.0,1.0,116.0,26.0,1.0,11.0,1.0,0.0,2008,Roberts
2008-040,1,8.0,148.0,150.0,1.0,22.0,22.0,0.0,11.0,2.0,0.0,2008,Roberts
2008-041,1,2.0,151.0,247.0,1.0,96.0,22.0,0.0,2.0,2.0,0.0,2008,Roberts
2008-042,1,2.0,27.0,170.0,1.0,3.0,8.0,0.0,11.0,2.0,0.0,2008,Roberts
2008-043,1,1.0,137.0,27.0,1.0,109.0,23.0,1.0,2.0,1.0,0.0,2008,Roberts
2008-044,0,1.0,28.0,137.0,1.0,302.0,300.0,1.0,9.0,2.0,0.0,2008,Roberts
2008-045,1,8.0,24.0,176.0,1.0,51.0,29.0,0.0,12.0,2.0,0.0,2008,Roberts
2008-046,1,2.0,414.0,250.0,1.0,6.0,8.0,0.0,11.0,2.0,0.0,2008,Roberts
2008-047,1,2.0,106.0,1.0,1.0,24.0,24.0,0.0,2.0,1.0,0.0,2008,Roberts
2008-048,1,1.0,137.0,28.0,1.0,118.0,26.0,1.0,2.0,1.0,0.0,2008,Roberts
2008-049,1,9.0,338.0,246.0,1.0,22.0,22.0,1.0,2.0,2.0,0.0,2008,Roberts
2008-050,0,1.0,137.0,27.0,1.0,60.0,31.0,0.0,2.0,1.0,0.0,2008,Roberts
2008-051,1,1.0,28.0,137.0,1.0,302.0,300.0,1.0,11.0,2.0,0.0,2008,Roberts
2008-052,1,8.0,231.0,27.0,1.0,49.0,29.0,1.0,11.0,2.0,0.0,2008,Roberts
2008-053,1,9.0,119.0,134.0,1.0,73.0,26.0,0.0,12.0,1.0,0.0,2008,Roberts
2008-054,1,9.0,172.0,128.0,1.0,48.0,8.0,0.0,11.0,1.0,0.0,2008,Roberts
2008-055,1,2.0,106.0,27.0,1.0,71.0,28.0,0.0,2.0,1.0,0.0,2008,Roberts
2008-056,1,9.0,1.0,106.0,1.0,94.0,22.0,0.0,12.0,2.0,0.0,2008,Roberts
2008-057,1,2.0,205.0,154.0,1.0,50.0,29.0,0.0,2.0,2.0,0.0,2008,Roberts
2008-058,1,2.0,215.0,8.0,1.0,302.0,300.0,1.0,10.0,1.0,0.0,2008,Roberts
2008-059,1,1.0,126.0,28.0,1.0,302.0,300.0,0.0,12.0,1.0,0.0,2008,Roberts
2008-060,1,1.0,137.0,27.0,1.0,126.0,24.0,0.0,2.0,1.0,0.0,2008,Roberts
2008-061,1,1.0,28.0,126.0,1.0,104.0,26.0,1.0,12.0,1.0,0.0,2008,Roberts
2008-062,1,8.0,231.0,145.0,1.0,302.0,300.0,0.0,12.0,2.0,0.0,2008,Roberts
2008-063,1,9.0,24.0,208.0,1.0,55.0,32.0,1.0,11.0,2.0,0.0,2008,Roberts
2008-064,1,4.0,132.0,132.0,1.0,302.0,300.0,1.0,12.0,1.0,0.0,2008,Roberts
2008-065,0,9.0,27.0,186.0,1.0,5.0,4.0,1.0,12.0,2.0,0.0,2008,Roberts
2008-066,0,9.0,8.0,3.0,1.0,96.0,22.0,0.0,11.0,1.0,0.0,2008,Roberts
2008-067,0,1.0,137.0,27.0,1.0,94.0,22.0,0.0,2.0,1.0,0.0,2008,Roberts
2008-068,0,9.0,146.0,114.0,12.0,22.0,22.0,0.0,1.0,2.0,0.0,2008,Roberts
2008-069,1,8.0,116.0,3.0,1.0,302.0,300.0,0.0,11.0,2.0,0.0,2008,Roberts
2008-070,0,2.0,106.0,1.0,1.0,23.0,23.0,0.0,11.0,1.0,0.0,2008,Roberts
2008-071,1,1.0,28.0,215.0,1.0,44.0,29.0,0.0,12.0,2.0,0.0,2008,Roberts
2008-072,1,1.0,137.0,27.0,1.0,121.0,25.0,0.0,2.0,1.0,0.0,2008,Roberts
2008-073,1,8.0,171.0,171.0,1.0,96.0,22.0,0.0,12.0,2.0,0.0,2008,Roberts
2008-074,1,2.0,145.0,151.0,1.0,71.0,28.0,0.0,12.0,1.0,0.0,2008,Roberts
2008-075,1,2.0,18.0,1.0,2.0,55.0,55.0,0.0,1.0,2.0,1.0,2008,Roberts
2008-076,0,2.0,21.0,239.0,1.0,108.0,29.0,0.0,7.0,2.0,0.0,2008,Roberts
2008-077,1,8.0,187.0,150.0,1.0,44.0,29.0,0.0,12.0,2.0,0.0,2008,Roberts
2008-078,1,1.0,100.0,28.0,1.0,302.0,301.0,0.0,12.0,1.0,0.0,2008,Roberts
2008-079,0,1.0,21.0,239.0,1.0,45.0,29.0,1.0,12.0,2.0,0.0,2008,Roberts
2008-080,0,8.0,116.0,145.0,1.0,56.0,31.0,0.0,2.0,2.0,0.0,2008,Roberts
2008-081,1,2.0,19.0,239.0,1.0,45.0,29.0,0.0,12.0,2.0,0.0,2008,Roberts
2008-082,1,10.0,19.0,113.0,1.0,96.0,22.0,0.0,11.0,1.0,0.0,2008,Roberts
2008-083,1,2.0,8.0,19.0,1.0,53.0,22.0,0.0,12.0,2.0,0.0,2008,Roberts
2009-001,0,9.0,151.0,145.0,1.0,60.0,31.0,0.0,2.0,1.0,0.0,2009,Roberts
2009-002,1,9.0,19.0,195.0,1.0,66.0,27.0,0.0,11.0,2.0,0.0,2009,Roberts
2009-003,0,7.0,231.0,249.0,1.0,66.0,27.0,0.0,2.0,2.0,0.0,2009,Roberts
2009-004,1,1.0,28.0,126.0,1.0,109.0,23.0,0.0,11.0,2.0,0.0,2009,Roberts
2009-005,1,1.0,28.0,137.0,1.0,302.0,301.0,1.0,12.0,2.0,0.0,2009,Roberts
2009-006,1,1.0,215.0,19.0,1.0,56.0,31.0,1.0,12.0,1.0,0.0,2009,Roberts
2009-007,1,2.0,28.0,215.0,1.0,49.0,29.0,1.0,12.0,2.0,0.0,2009,Roberts
2009-008,1,2.0,28.0,126.0,1.0,104.0,26.0,1.0,12.0,2.0,0.0,2009,Roberts
2009-009,1,9.0,215.0,28.0,1.0,68.0,27.0,0.0,12.0,1.0,0.0,2009,Roberts
2009-010,1,1.0,137.0,28.0,1.0,302.0,300.0,0.0,12.0,1.0,0.0,2009,Roberts
2009-011,1,8.0,233.0,3.0,1.0,96.0,22.0,0.0,12.0,2.0,0.0,2009,Roberts
2009-012,1,3.0,211.0,343.0,2.0,55.0,55.0,0.0,1.0,2.0,1.0,2009,Roberts
2009-013,0,1.0,126.0,28.0,1.0,41.0,31.0,1.0,2.0,1.0,0.0,2009,Roberts
2009-014,1,11.0,28.0,28.0,9.0,,,0.0,1.0,,0.0,2009,Roberts
2009-015,1,2.0,106.0,1.0,1.0,27.0,27.0,1.0,2.0,1.0,0.0,2009,Roberts
2009-016,1,1.0,137.0,28.0,1.0,60.0,31.0,1.0,12.0,1.0,0.0,2009,Roberts
2009-017,1,1.0,137.0,28.0,1.0,302.0,300.0,1.0,12.0,1.0,0.0,2009,Roberts
2009-018,1,9.0,251.0,251.0,12.0,50.0,29.0,0.0,1.0,2.0,0.0,2009,Roberts
2009-019,1,8.0,148.0,4.0,1.0,32.0,32.0,0.0,10.0,2.0,0.0,2009,Roberts
2009-020,1,1.0,28.0,126.0,1.0,103.0,26.0,0.0,12.0,2.0,0.0,2009,Roberts
2009-021,1,1.0,28.0,126.0,1.0,90.0,29.0,1.0,11.0,2.0,0.0,2009,Roberts
2009-022,1,1.0,28.0,137.0,1.0,302.0,300.0,1.0,12.0,2.0,0.0,2009,Roberts
2009-023,1,9.0,151.0,145.0,1.0,50.0,29.0,0.0,2.0,2.0,0.0,2009,Roberts
2009-024,1,1.0,28.0,137.0,1.0,302.0,300.0,1.0,12.0,2.0,0.0,2009,Roberts
2009-025,1,1.0,28.0,126.0,1.0,121.0,25.0,0.0,12.0,2.0,0.0,2009,Roberts
2009-026,1,2.0,215.0,19.0,1.0,100.0,24.0,0.0,12.0,1.0,0.0,2009,Roberts
2009-027,0,8.0,161.0,160.0,1.0,80.0,21.0,0.0,12.0,2.0,0.0,2009,Roberts
2009-028,1,8.0,220.0,112.0,1.0,96.0,22.0,1.0,11.0,1.0,0.0,2009,Roberts
2009-029,1,1.0,137.0,27.0,1.0,56.0,31.0,0.0,12.0,1.0,0.0,2009,Roberts
2009-030,1,9.0,215.0,27.0,1.0,55.0,32.0,0.0,12.0,1.0,0.0,2009,Roberts
2009-031,1,6.0,111.0,27.0,1.0,83.0,28.0,1.0,3.0,2.0,0.0,2009,Roberts
2009-032,1,1.0,137.0,27.0,1.0,86.0,28.0,0.0,2.0,1.0,0.0,2009,Roberts
2009-033,1,9.0,206.0,171.0,1.0,94.0,22.0,0.0,12.0,1.0,0.0,2009,Roberts
2009-034,1,1.0,106.0,28.0,1.0,302.0,300.0,0.0,11.0,1.0,0.0,2009,Roberts
2009-035,1,8.0,173.0,119.0,1.0,66.0,27.0,1.0,2.0,1.0,0.0,2009,Roberts
2009-036,1,1.0,28.0,126.0,1.0,82.0,26.0,0.0,12.0,2.0,0.0,2009,Roberts
2009-037,1,8.0,5.0,9.0,1.0,100.0,24.0,0.0,2.0,2.0,0.0,2009,Roberts
2009-038,0,8.0,135.0,138.0,1.0,45.0,29.0,0.0,2.0,2.0,0.0,2009,Roberts
2009-039,1,8.0,19.0,106.0,1.0,48.0,29.0,0.0,2.0,2.0,0.0,2009,Roberts
2009-040,1,1.0,28.0,126.0,1.0,81.0,26.0,1.0,11.0,2.0,0.0,2009,Roberts
2009-041,1,3.0,326.0,13.0,1.0,48.0,29.0,0.0,12.0,2.0,0.0,2009,Roberts
2009-042,1,8.0,116.0,234.0,1.0,96.0,22.0,0.0,11.0,1.0,0.0,2009,Roberts
2009-043,0,8.0,143.0,173.0,1.0,92.0,23.0,1.0,2.0,2.0,0.0,2009,Roberts
2009-044,1,2.0,195.0,111.0,1.0,103.0,26.0,0.0,2.0,1.0,0.0,2009,Roberts
2009-045,1,6.0,19.0,129.0,1.0,60.0,31.0,1.0,11.0,2.0,0.0,2009,Roberts
2009-046,1,8.0,145.0,151.0,1.0,97.0,22.0,0.0,11.0,2.0,0.0,2009,Roberts
2009-047,0,3.0,27.0,126.0,1.0,111.0,23.0,1.0,12.0,2.0,0.0,2009,Roberts
2009-048,1,2.0,153.0,188.0,1.0,122.0,25.0,1.0,2.0,1.0,0.0,2009,Roberts
2009-049,1,1.0,175.0,28.0,1.0,302.0,300.0,0.0,12.0,1.0,0.0,2009,Roberts
2009-050,1,10.0,27.0,169.0,1.0,98.0,24.0,0.0,2.0,2.0,0.0,2009,Roberts
2009-051,0,1.0,175.0,28.0,1.0,302.0,300.0,0.0,12.0,1.0,0.0,2009,Roberts
2009-052,1,8.0,184.0,216.0,1.0,66.0,27.0,0.0,12.0,1.0,0.0,2009,Roberts
2009-053,1,2.0,10.0,3.0,1.0,66.0,27.0,0.0,12.0,1.0,0.0,2009,Roberts
2009-054,0,1.0,27.0,137.0,1.0,80.0,21.0,0.0,12.0,2.0,0.0,2009,Roberts
2009-055,1,6.0,154.0,171.0,1.0,126.0,24.0,0.0,2.0,1.0,0.0,2009,Roberts
2009-056,1,1.0,27.0,126.0,1.0,94.0,22.0,0.0,11.0,2.0,0.0,2009,Roberts
2009-057,0,1.0,126.0,27.0,1.0,302.0,300.0,0.0,11.0,1.0,0.0,2009,Roberts
2009-058,1,1.0,126.0,28.0,1.0,60.0,31.0,1.0,12.0,1.0,0.0,2009,Roberts
2009-059,0,8.0,159.0,106.0,1.0,126.0,24.0,0.0,11.0,2.0,0.0,2009,Roberts
2009-060,0,8.0,28.0,28.0,9.0,,,0.0,1.0,,0.0,2009,Roberts
2009-061,1,1.0,28.0,126.0,1.0,81.0,26.0,0.0,11.0,2.0,0.0,2009,Roberts
2009-062,1,10.0,19.0,198.0,1.0,104.0,26.0,0.0,2.0,2.0,0.0,2009,Roberts
2009-063,1,1.0,137.0,27.0,1.0,68.0,27.0,0.0,2.0,1.0,0.0,2009,Roberts
2009-064,0,1.0,215.0,27.0,1.0,108.0,29.0,0.0,10.0,1.0,0.0,2009,Roberts
2009-065,0,8.0,102.0,138.0,1.0,72.0,30.0,0.0,11.0,2.0,0.0,2009,Roberts
2009-066,1,9.0,208.0,116.0,1.0,58.0,31.0,0.0,2.0,1.0,0.0,2009,Roberts
2009-067,0,2.0,27.0,175.0,1.0,88.0,29.0,0.0,12.0,2.0,0.0,2009,Roberts
2009-068,1,2.0,106.0,327.0,1.0,25.0,25.0,0.0,2.0,1.0,0.0,2009,Roberts
2009-069,1,6.0,406.0,111.0,1.0,115.0,28.0,0.0,2.0,2.0,0.0,2009,Roberts
2009-070,0,9.0,137.0,27.0,1.0,93.0,30.0,0.0,2.0,2.0,0.0,2009,Roberts
2009-071,1,2.0,126.0,28.0,1.0,58.0,31.0,0.0,2.0,1.0,0.0,2009,Roberts
2009-072,1,9.0,151.0,382.0,1.0,27.0,27.0,0.0,2.0,1.0,0.0,2009,Roberts
2009-073,0,4.0,192.0,7.0,1.0,302.0,300.0,0.0,12.0,2.0,0.0,2009,Roberts
2009-074,1,1.0,3.0,8.0,1.0,48.0,29.0,0.0,2.0,2.0,0.0,2009,Roberts
2009-075,1,8.0,102.0,114.0,1.0,110.0,23.0,0.0,2.0,2.0,0.0,2009,Roberts
2009-076,0,1.0,137.0,27.0,1.0,111.0,23.0,0.0,11.0,1.0,0.0,2009,Roberts
2009-077,1,3.0,327.0,149.0,1.0,48.0,29.0,0.0,12.0,2.0,0.0,2009,Roberts
2009-078,1,7.0,151.0,145.0,1.0,90.0,29.0,1.0,12.0,2.0,0.0,2009,Roberts
2009-079,1,8.0,234.0,195.0,1.0,48.0,29.0,0.0,2.0,2.0,0.0,2009,Roberts
2009-080,1,8.0,128.0,152.0,1.0,50.0,29.0,1.0,12.0,2.0,0.0,2009,Roberts
2009-081,0,5.0,207.0,19.0,1.0,129.0,29.0,0.0,2.0,1.0,0.0,2009,Roberts
2009-082,0,8.0,159.0,159.0,1.0,96.0,22.0,0.0,12.0,1.0,0.0,2009,Roberts
2009-083,1,7.0,151.0,249.0,1.0,50.0,29.0,0.0,12.0,2.0,0.0,2009,Roberts
2009-084,1,1.0,126.0,28.0,1.0,41.0,31.0,0.0,11.0,1.0,0.0,2009,Roberts
2009-085,1,1.0,185.0,27.0,1.0,121.0,25.0,0.0,11.0,2.0,0.0,2009,Roberts
2009-086,1,1.0,185.0,27.0,1.0,66.0,27.0,0.0,11.0,1.0,0.0,2009,Roberts
2009-088,1,13.0,216.0,405.0,1.0,55.0,32.0,1.0,12.0,1.0,0.0,2009,Roberts
2009-089,0,8.0,172.0,316.0,1.0,8.0,8.0,1.0,12.0,2.0,0.0,2009,Roberts
2009-090,0,3.0,130.0,26.0,1.0,50.0,29.0,0.0,12.0,1.0,0.0,2009,Roberts
2009-091,1,1.0,227.0,3.0,1.0,66.0,27.0,0.0,12.0,2.0,0.0,2009,Roberts
2009-092,1,1.0,126.0,28.0,1.0,302.0,300.0,0.0,12.0,1.0,0.0,2009,Roberts
2009-093,0,9.0,5.0,111.0,1.0,71.0,28.0,0.0,12.0,2.0,0.0,2009,Roberts
2009-094,1,1.0,211.0,27.0,1.0,44.0,29.0,,,1.0,0.0,2009,Roberts
2010-001,1,1.0,28.0,215.0,1.0,68.0,27.0,0.0,12.0,2.0,0.0,2010,Roberts
2010-002,0,1.0,137.0,27.0,1.0,109.0,23.0,0.0,2.0,1.0,0.0,2010,Roberts
2010-003,1,2.0,5.0,202.0,1.0,48.0,29.0,0.0,12.0,2.0,0.0,2010,Roberts
2010-004,0,8.0,252.0,234.0,1.0,,29.0,0.0,12.0,2.0,0.0,2010,Roberts
2010-005,1,2.0,5.0,170.0,1.0,95.0,22.0,0.0,11.0,2.0,0.0,2010,Roberts
2010-006,0,12.0,167.0,27.0,1.0,83.0,28.0,0.0,11.0,2.0,0.0,2010,Roberts
2010-007,0,8.0,138.0,135.0,1.0,90.0,29.0,0.0,2.0,2.0,0.0,2010,Roberts
2010-008,1,1.0,28.0,126.0,1.0,49.0,29.0,1.0,12.0,2.0,0.0,2010,Roberts
2010-009,1,2.0,28.0,215.0,1.0,108.0,29.0,1.0,12.0,2.0,0.0,2010,Roberts
2010-010,1,5.0,376.0,8.0,1.0,48.0,29.0,0.0,12.0,2.0,0.0,2010,Roberts
2010-011,1,1.0,215.0,19.0,1.0,50.0,29.0,0.0,12.0,2.0,0.0,2010,Roberts
2010-012,1,8.0,113.0,138.0,1.0,48.0,29.0,1.0,2.0,2.0,0.0,2010,Roberts
2010-013,1,2.0,215.0,19.0,1.0,104.0,26.0,0.0,2.0,1.0,0.0,2010,Roberts
2010-014,1,2.0,145.0,151.0,1.0,73.0,26.0,1.0,12.0,1.0,0.0,2010,Roberts
2010-015,0,10.0,175.0,143.0,1.0,109.0,23.0,0.0,12.0,1.0,0.0,2010,Roberts
2010-016,1,8.0,231.0,19.0,1.0,42.0,31.0,0.0,12.0,1.0,0.0,2010,Roberts
2010-017,1,2.0,28.0,215.0,1.0,49.0,29.0,0.0,11.0,2.0,0.0,2010,Roberts
2010-018,1,10.0,208.0,189.0,1.0,302.0,301.0,0.0,5.0,2.0,0.0,2010,Roberts
2010-019,1,1.0,28.0,137.0,1.0,302.0,300.0,0.0,11.0,2.0,0.0,2010,Roberts
2010-020,1,5.0,338.0,205.0,1.0,23.0,23.0,0.0,12.0,1.0,0.0,2010,Roberts
2010-021,1,2.0,250.0,151.0,1.0,65.0,27.0,0.0,12.0,1.0,0.0,2010,Roberts
2010-022,1,2.0,250.0,414.0,1.0,6.0,8.0,1.0,12.0,1.0,0.0,2010,Roberts
2010-023,0,3.0,153.0,130.0,1.0,79.0,24.0,0.0,12.0,2.0,0.0,2010,Roberts
2010-024,1,1.0,137.0,27.0,1.0,70.0,28.0,0.0,2.0,1.0,0.0,2010,Roberts
2010-025,0,1.0,19.0,126.0,1.0,113.0,21.0,0.0,2.0,2.0,0.0,2010,Roberts
2010-026,1,5.0,218.0,377.0,1.0,129.0,29.0,0.0,2.0,1.0,0.0,2010,Roberts
2010-027,1,2.0,215.0,19.0,1.0,120.0,25.0,0.0,2.0,1.0,0.0,2010,Roberts
2010-028,1,2.0,28.0,126.0,1.0,49.0,29.0,0.0,12.0,2.0,0.0,2010,Roberts
2010-029,1,7.0,145.0,151.0,1.0,133.0,27.0,1.0,2.0,1.0,0.0,2010,Roberts
2010-030,0,8.0,143.0,173.0,1.0,45.0,29.0,0.0,12.0,2.0,0.0,2010,Roberts
2010-031,1,2.0,19.0,126.0,1.0,75.0,25.0,1.0,12.0,2.0,0.0,2010,Roberts
2010-032,1,9.0,143.0,5.0,1.0,51.0,29.0,0.0,12.0,2.0,0.0,2010,Roberts
2010-034,1,9.0,130.0,25.0,1.0,45.0,29.0,1.0,12.0,2.0,0.0,2010,Roberts
2010-035,1,1.0,28.0,126.0,1.0,48.0,29.0,1.0,11.0,2.0,0.0,2010,Roberts
2010-036,0,2.0,215.0,28.0,1.0,122.0,25.0,0.0,2.0,1.0,0.0,2010,Roberts
2010-037,1,10.0,7.0,19.0,1.0,126.0,24.0,0.0,12.0,1.0,0.0,2010,Roberts
2010-038,1,1.0,28.0,126.0,1.0,103.0,26.0,0.0,12.0,2.0,0.0,2010,Roberts
2010-039,0,11.0,28.0,28.0,9.0,,,0.0,1.0,,0.0,2010,Roberts
2010-040,1,8.0,205.0,134.0,1.0,51.0,29.0,0.0,12.0,2.0,0.0,2010,Roberts
2010-041,1,2.0,27.0,170.0,1.0,3.0,8.0,1.0,12.0,2.0,0.0,2010,Roberts
2010-042,1,5.0,176.0,230.0,1.0,96.0,22.0,0.0,12.0,2.0,0.0,2010,Roberts
2010-043,1,8.0,151.0,145.0,1.0,53.0,22.0,0.0,11.0,2.0,0.0,2010,Roberts
2010-044,1,1.0,28.0,137.0,1.0,302.0,300.0,0.0,12.0,2.0,0.0,2010,Roberts
2010-045,1,5.0,176.0,27.0,1.0,3.0,8.0,0.0,11.0,2.0,0.0,2010,Roberts
2010-046,0,1.0,19.0,215.0,2.0,50.0,29.0,0.0,1.0,2.0,1.0,2010,Roberts
2010-047,0,10.0,216.0,19.0,1.0,45.0,29.0,0.0,12.0,1.0,0.0,2010,Roberts
2010-048,0,1.0,27.0,137.0,1.0,82.0,26.0,0.0,11.0,2.0,0.0,2010,Roberts
2010-049,1,1.0,126.0,27.0,1.0,56.0,31.0,0.0,2.0,1.0,0.0,2010,Roberts
2010-050,1,9.0,8.0,175.0,1.0,108.0,29.0,0.0,12.0,1.0,0.0,2010,Roberts
2010-051,0,8.0,184.0,172.0,1.0,96.0,8.0,0.0,12.0,2.0,0.0,2010,Roberts
2010-052,1,8.0,1.0,174.0,1.0,64.0,29.0,1.0,12.0,2.0,0.0,2010,Roberts
2010-053,1,6.0,8.0,8.0,1.0,77.0,25.0,1.0,2.0,2.0,0.0,2010,Roberts
2010-054,0,1.0,126.0,27.0,1.0,98.0,24.0,0.0,2.0,1.0,0.0,2010,Roberts
2010-055,0,8.0,176.0,143.0,1.0,50.0,8.0,0.0,12.0,1.0,0.0,2010,Roberts
2010-056,1,9.0,173.0,176.0,1.0,120.0,25.0,0.0,2.0,1.0,0.0,2010,Roberts
2010-057,0,8.0,133.0,133.0,1.0,119.0,8.0,0.0,12.0,2.0,0.0,2010,Roberts
2010-058,0,1.0,137.0,27.0,1.0,80.0,21.0,0.0,2.0,1.0,0.0,2010,Roberts
2010-059,1,8.0,205.0,205.0,1.0,81.0,26.0,1.0,2.0,1.0,0.0,2010,Roberts
2010-060,0,1.0,137.0,27.0,1.0,69.0,27.0,0.0,2.0,1.0,0.0,2010,Roberts
2010-061,0,2.0,106.0,27.0,1.0,,29.0,0.0,12.0,1.0,0.0,2010,Roberts
2010-062,1,2.0,27.0,170.0,1.0,3.0,8.0,0.0,12.0,2.0,0.0,2010,Roberts
2010-063,1,8.0,173.0,237.0,1.0,79.0,24.0,0.0,11.0,2.0,0.0,2010,Roberts
2010-064,1,3.0,4.0,8.0,1.0,302.0,300.0,1.0,12.0,2.0,0.0,2010,Roberts
2010-065,1,9.0,253.0,27.0,1.0,109.0,23.0,0.0,12.0,1.0,0.0,2010,Roberts
2010-066,0,1.0,137.0,27.0,1.0,41.0,31.0,0.0,2.0,1.0,0.0,2010,Roberts
2010-067,1,1.0,175.0,28.0,1.0,302.0,300.0,1.0,11.0,1.0,0.0,2010,Roberts
2010-068,1,10.0,134.0,143.0,1.0,83.0,28.0,0.0,2.0,2.0,0.0,2010,Roberts
2010-069,1,1.0,137.0,27.0,1.0,51.0,29.0,0.0,2.0,1.0,0.0,2010,Roberts
2010-070,1,9.0,238.0,154.0,1.0,50.0,29.0,1.0,2.0,2.0,0.0,2010,Roberts
2010-071,1,3.0,3.0,8.0,1.0,110.0,23.0,0.0,2.0,2.0,0.0,2010,Roberts
2010-072,1,8.0,148.0,28.0,1.0,96.0,22.0,0.0,12.0,2.0,0.0,2010,Roberts
2010-073,1,1.0,153.0,188.0,1.0,302.0,300.0,0.0,5.0,1.0,0.0,2010,Roberts
2010-074,0,8.0,231.0,145.0,1.0,67.0,27.0,0.0,11.0,2.0,0.0,2010,Roberts
2010-075,1,1.0,137.0,28.0,1.0,302.0,300.0,0.0,11.0,1.0,0.0,2010,Roberts
2010-076,1,10.0,143.0,134.0,1.0,83.0,28.0,0.0,12.0,1.0,0.0,2010,Roberts
2010-077,0,3.0,28.0,143.0,1.0,124.0,22.0,1.0,2.0,2.0,0.0,2010,Roberts
2010-078,1,1.0,137.0,27.0,1.0,74.0,26.0,0.0,12.0,1.0,0.0,2010,Roberts
2010-079,0,14.0,253.0,129.0,1.0,48.0,29.0,0.0,12.0,1.0,0.0,2010,Roberts
2010-081,1,4.0,159.0,175.0,1.0,302.0,301.0,0.0,11.0,1.0,0.0,2010,Roberts
2010-082,1,4.0,184.0,208.0,1.0,302.0,300.0,0.0,12.0,1.0,0.0,2010,Roberts
2010-083,0,3.0,19.0,109.0,1.0,50.0,29.0,0.0,12.0,2.0,0.0,2010,Roberts
2010-084,1,3.0,207.0,19.0,1.0,45.0,29.0,1.0,12.0,2.0,0.0,2010,Roberts
2010-085,0,1.0,126.0,28.0,12.0,122.0,25.0,0.0,1.0,1.0,0.0,2010,Roberts
2010-086,0,9.0,100.0,28.0,1.0,302.0,300.0,0.0,12.0,1.0,0.0,2010,Roberts
2011-001,1,1.0,28.0,126.0,1.0,48.0,29.0,0.0,12.0,2.0,0.0,2011,Roberts
2011-002,0,1.0,126.0,28.0,1.0,109.0,23.0,1.0,12.0,1.0,0.0,2011,Roberts
2011-003,1,1.0,28.0,215.0,1.0,103.0,26.0,0.0,12.0,2.0,0.0,2011,Roberts
2011-004,1,8.0,119.0,173.0,1.0,302.0,301.0,0.0,12.0,2.0,0.0,2011,Roberts
2011-005,0,9.0,126.0,28.0,1.0,120.0,25.0,0.0,11.0,1.0,0.0,2011,Roberts
2011-006,1,1.0,145.0,126.0,1.0,49.0,29.0,0.0,12.0,2.0,0.0,2011,Roberts
2011-007,1,8.0,135.0,134.0,1.0,50.0,29.0,1.0,12.0,2.0,0.0,2011,Roberts
2011-008,1,1.0,126.0,28.0,1.0,302.0,300.0,0.0,12.0,1.0,0.0,2011,Roberts
2011-009,0,1.0,100.0,28.0,1.0,302.0,300.0,0.0,2.0,1.0,0.0,2011,Roberts
2011-010,0,8.0,198.0,145.0,1.0,29.0,29.0,0.0,2.0,2.0,0.0,2011,Roberts
2011-011,1,3.0,130.0,332.0,1.0,81.0,26.0,0.0,12.0,1.0,0.0,2011,Roberts
2011-012,1,1.0,28.0,215.0,1.0,66.0,27.0,0.0,12.0,2.0,0.0,2011,Roberts
2011-013,1,2.0,106.0,1.0,1.0,29.0,29.0,0.0,2.0,1.0,0.0,2011,Roberts
2011-014,1,8.0,134.0,135.0,1.0,58.0,31.0,0.0,2.0,1.0,0.0,2011,Roberts
2011-015,0,8.0,112.0,1.0,1.0,52.0,30.0,0.0,11.0,1.0,0.0,2011,Roberts
2011-016,1,2.0,126.0,28.0,1.0,42.0,31.0,1.0,11.0,1.0,0.0,2011,Roberts
2011-017,1,1.0,126.0,27.0,1.0,111.0,23.0,0.0,2.0,1.0,0.0,2011,Roberts
2011-018,1,1.0,8.0,153.0,1.0,51.0,29.0,1.0,12.0,1.0,0.0,2011,Roberts
2011-019,1,10.0,158.0,19.0,1.0,49.0,29.0,0.0,12.0,1.0,0.0,2011,Roberts
2011-020,0,1.0,27.0,214.0,1.0,55.0,32.0,0.0,12.0,1.0,0.0,2011,Roberts
2011-021,1,2.0,19.0,251.0,2.0,122.0,122.0,0.0,1.0,2.0,1.0,2011,Roberts
2011-022,0,2.0,106.0,327.0,1.0,29.0,29.0,0.0,11.0,1.0,0.0,2011,Roberts
2011-023,1,1.0,28.0,126.0,1.0,81.0,26.0,0.0,12.0,2.0,0.0,2011,Roberts
2011-024,1,1.0,28.0,126.0,1.0,109.0,23.0,0.0,12.0,2.0,0.0,2011,Roberts
2011-025,1,8.0,165.0,204.0,1.0,302.0,300.0,0.0,12.0,2.0,0.0,2011,Roberts
2011-026,1,2.0,19.0,188.0,1.0,51.0,29.0,1.0,12.0,2.0,0.0,2011,Roberts
2011-027,1,8.0,219.0,28.0,1.0,302.0,300.0,1.0,12.0,2.0,0.0,2011,Roberts
2011-028,1,2.0,19.0,165.0,1.0,29.0,29.0,0.0,11.0,1.0,0.0,2011,Roberts
2011-029,0,10.0,230.0,184.0,1.0,109.0,23.0,0.0,12.0,2.0,0.0,2011,Roberts
2011-030,1,2.0,28.0,126.0,1.0,48.0,29.0,0.0,12.0,2.0,0.0,2011,Roberts
2011-031,1,2.0,215.0,28.0,1.0,45.0,29.0,0.0,12.0,1.0,0.0,2011,Roberts
2011-032,0,10.0,13.0,28.0,1.0,79.0,24.0,0.0,12.0,1.0,0.0,2011,Roberts
2011-033,0,8.0,145.0,151.0,1.0,29.0,29.0,0.0,2.0,1.0,0.0,2011,Roberts
2011-034,1,8.0,165.0,165.0,1.0,49.0,8.0,0.0,12.0,2.0,0.0,2011,Roberts
2011-036,1,8.0,119.0,173.0,1.0,129.0,29.0,0.0,12.0,1.0,0.0,2011,Roberts
2011-037,1,13.0,214.0,328.0,1.0,55.0,32.0,0.0,12.0,2.0,0.0,2011,Roberts
2011-038,1,2.0,126.0,28.0,1.0,81.0,26.0,0.0,12.0,1.0,0.0,2011,Roberts
2011-039,1,2.0,28.0,126.0,1.0,302.0,301.0,0.0,12.0,2.0,0.0,2011,Roberts
2011-040,1,8.0,195.0,333.0,1.0,64.0,29.0,0.0,12.0,1.0,0.0,2011,Roberts
2011-041,0,9.0,126.0,27.0,1.0,120.0,25.0,0.0,2.0,2.0,0.0,2011,Roberts
2011-042,1,2.0,106.0,327.0,1.0,22.0,22.0,0.0,2.0,1.0,0.0,2011,Roberts
2011-043,1,5.0,334.0,214.0,1.0,50.0,29.0,0.0,12.0,2.0,0.0,2011,Roberts
2011-044,0,9.0,126.0,27.0,1.0,66.0,27.0,1.0,12.0,1.0,0.0,2011,Roberts
2011-045,0,2.0,216.0,8.0,1.0,59.0,31.0,0.0,2.0,1.0,0.0,2011,Roberts
2011-046,0,1.0,110.0,5.0,1.0,92.0,23.0,1.0,2.0,1.0,0.0,2011,Roberts
2011-047,1,8.0,143.0,143.0,1.0,81.0,8.0,1.0,12.0,1.0,0.0,2011,Roberts
2011-048,1,2.0,111.0,8.0,1.0,48.0,29.0,0.0,2.0,2.0,0.0,2011,Roberts
2011-049,0,8.0,208.0,600.0,1.0,55.0,32.0,0.0,2.0,1.0,0.0,2011,Roberts
2011-050,0,8.0,394.0,172.0,1.0,55.0,8.0,1.0,12.0,2.0,0.0,2011,Roberts
2011-051,1,1.0,215.0,28.0,1.0,52.0,30.0,0.0,11.0,1.0,0.0,2011,Roberts
2011-052,0,12.0,27.0,240.0,1.0,98.0,24.0,0.0,12.0,1.0,0.0,2011,Roberts
2011-053,0,12.0,152.0,27.0,1.0,45.0,29.0,1.0,2.0,1.0,0.0,2011,Roberts
2011-054,1,2.0,406.0,188.0,1.0,92.0,23.0,0.0,2.0,2.0,0.0,2011,Roberts
2011-055,1,9.0,106.0,109.0,1.0,102.0,29.0,0.0,2.0,1.0,0.0,2011,Roberts
2011-056,1,2.0,327.0,106.0,1.0,29.0,29.0,0.0,2.0,2.0,0.0,2011,Roberts
2011-057,0,1.0,137.0,28.0,1.0,302.0,300.0,0.0,12.0,1.0,0.0,2011,Roberts
2011-058,0,8.0,195.0,135.0,1.0,75.0,25.0,1.0,12.0,1.0,0.0,2011,Roberts
2011-059,0,2.0,138.0,113.0,1.0,66.0,27.0,0.0,12.0,1.0,0.0,2011,Roberts
2011-060,1,1.0,28.0,126.0,1.0,110.0,23.0,0.0,12.0,2.0,0.0,2011,Roberts
2011-061,1,2.0,8.0,100.0,1.0,52.0,30.0,1.0,11.0,2.0,0.0,2011,Roberts
2011-062,0,8.0,195.0,3.0,1.0,302.0,300.0,0.0,11.0,1.0,0.0,2011,Roberts
2011-063,1,1.0,28.0,126.0,1.0,74.0,26.0,1.0,12.0,2.0,0.0,2011,Roberts
2011-064,0,9.0,8.0,327.0,1.0,80.0,21.0,0.0,11.0,1.0,0.0,2011,Roberts
2011-065,0,9.0,170.0,214.0,1.0,55.0,32.0,1.0,2.0,1.0,0.0,2011,Roberts
2011-066,0,2.0,326.0,170.0,1.0,93.0,30.0,1.0,2.0,2.0,0.0,2011,Roberts
2011-067,0,7.0,145.0,143.0,1.0,45.0,29.0,0.0,2.0,1.0,0.0,2011,Roberts
2011-068,0,1.0,137.0,28.0,1.0,302.0,300.0,0.0,12.0,1.0,0.0,2011,Roberts
2011-069,1,1.0,141.0,27.0,1.0,113.0,21.0,0.0,2.0,2.0,0.0,2011,Roberts
2011-070,1,7.0,8.0,249.0,1.0,49.0,29.0,1.0,12.0,2.0,0.0,2011,Roberts
2011-071,1,1.0,126.0,27.0,1.0,66.0,27.0,0.0,2.0,1.0,0.0,2011,Roberts
2011-072,0,4.0,338.0,246.0,1.0,22.0,22.0,0.0,12.0,1.0,0.0,2011,Roberts
2011-073,1,3.0,122.0,19.0,1.0,302.0,300.0,0.0,12.0,2.0,0.0,2011,Roberts
2011-074,1,1.0,175.0,28.0,1.0,302.0,300.0,0.0,12.0,1.0,0.0,2011,Roberts
2011-075,0,10.0,28.0,27.0,1.0,45.0,29.0,1.0,10.0,2.0,0.0,2011,Roberts
2011-076,0,3.0,27.0,250.0,1.0,48.0,29.0,1.0,12.0,2.0,0.0,2011,Roberts
2011-077,0,10.0,207.0,363.0,1.0,57.0,31.0,0.0,2.0,1.0,0.0,2011,Roberts
2011-080,0,9.0,113.0,134.0,1.0,48.0,29.0,0.0,12.0,3.0,0.0,2011,Roberts
2012-001,1,4.0,4.0,27.0,1.0,3.0,8.0,0.0,11.0,2.0,0.0,2012,Roberts
2012-002,1,6.0,218.0,19.0,1.0,114.0,24.0,0.0,12.0,1.0,0.0,2012,Roberts
2012-003,1,7.0,151.0,145.0,1.0,302.0,300.0,0.0,12.0,2.0,0.0,2012,Roberts
2012-004,1,5.0,27.0,111.0,1.0,66.0,8.0,0.0,12.0,2.0,0.0,2012,Roberts
2012-005,1,2.0,13.0,371.0,1.0,86.0,28.0,0.0,12.0,1.0,0.0,2012,Roberts
2012-006,0,1.0,137.0,27.0,1.0,55.0,32.0,0.0,12.0,1.0,0.0,2012,Roberts
2012-007,0,8.0,184.0,184.0,1.0,96.0,22.0,0.0,12.0,1.0,0.0,2012,Roberts
2012-008,1,8.0,5.0,150.0,1.0,48.0,29.0,0.0,11.0,2.0,0.0,2012,Roberts
2012-009,1,1.0,19.0,136.0,1.0,45.0,29.0,0.0,11.0,2.0,0.0,2012,Roberts
2012-010,1,4.0,195.0,3.0,1.0,58.0,31.0,0.0,7.0,2.0,0.0,2012,Roberts
2012-011,1,9.0,363.0,180.0,1.0,55.0,32.0,0.0,2.0,2.0,0.0,2012,Roberts
2012-012,1,2.0,129.0,188.0,1.0,42.0,31.0,0.0,12.0,1.0,0.0,2012,Roberts
2012-013,1,1.0,126.0,27.0,1.0,94.0,22.0,0.0,2.0,1.0,0.0,2012,Roberts
2012-014,1,8.0,357.0,167.0,1.0,59.0,31.0,0.0,11.0,1.0,0.0,2012,Roberts
2012-015,1,1.0,28.0,126.0,1.0,301.0,300.0,0.0,12.0,1.0,0.0,2012,Roberts
2012-016,1,1.0,137.0,27.0,1.0,77.0,25.0,0.0,12.0,1.0,0.0,2012,Roberts
2012-017,1,1.0,19.0,229.0,1.0,48.0,29.0,0.0,5.0,1.0,0.0,2012,Roberts
2012-018,1,1.0,100.0,20.0,1.0,302.0,300.0,1.0,5.0,1.0,0.0,2012,Roberts
2012-019,0,1.0,106.0,27.0,1.0,66.0,27.0,0.0,2.0,1.0,0.0,2012,Roberts
2012-020,0,8.0,134.0,122.0,1.0,52.0,30.0,1.0,2.0,1.0,0.0,2012,Roberts
2012-021,1,9.0,327.0,207.0,1.0,96.0,22.0,1.0,2.0,2.0,0.0,2012,Roberts
2012-022,1,8.0,119.0,405.0,1.0,96.0,22.0,0.0,12.0,1.0,0.0,2012,Roberts
2012-023,0,8.0,194.0,171.0,1.0,51.0,29.0,0.0,2.0,2.0,0.0,2012,Roberts
2012-024,1,8.0,204.0,27.0,1.0,62.0,29.0,0.0,2.0,1.0,0.0,2012,Roberts
2012-025,1,8.0,117.0,220.0,1.0,96.0,22.0,1.0,2.0,1.0,0.0,2012,Roberts
2012-026,1,9.0,171.0,173.0,1.0,47.0,28.0,0.0,3.0,1.0,0.0,2012,Roberts
2012-027,1,8.0,8.0,150.0,1.0,108.0,29.0,0.0,12.0,1.0,0.0,2012,Roberts
2012-028,0,10.0,19.0,229.0,1.0,100.0,24.0,0.0,5.0,1.0,0.0,2012,Roberts
2012-029,1,10.0,111.0,172.0,1.0,302.0,300.0,1.0,12.0,2.0,0.0,2012,Roberts
2012-030,0,1.0,28.0,137.0,1.0,302.0,300.0,0.0,11.0,2.0,0.0,2012,Roberts
2012-031,1,9.0,124.0,134.0,1.0,109.0,23.0,1.0,11.0,2.0,0.0,2012,Roberts
2012-032,1,8.0,215.0,27.0,1.0,110.0,23.0,0.0,2.0,1.0,0.0,2012,Roberts
2012-033,1,2.0,19.0,126.0,1.0,48.0,29.0,0.0,12.0,2.0,0.0,2012,Roberts
2012-034,1,7.0,151.0,154.0,1.0,109.0,23.0,0.0,2.0,2.0,0.0,2012,Roberts
2012-035,0,8.0,104.0,145.0,1.0,111.0,23.0,0.0,2.0,2.0,0.0,2012,Roberts
2012-036,0,9.0,106.0,198.0,1.0,96.0,22.0,0.0,11.0,1.0,0.0,2012,Roberts
2012-037,0,1.0,28.0,137.0,1.0,302.0,300.0,0.0,2.0,2.0,0.0,2012,Roberts
2012-038,1,2.0,106.0,327.0,1.0,25.0,25.0,1.0,2.0,1.0,0.0,2012,Roberts
2012-039,0,5.0,214.0,7.0,1.0,126.0,24.0,1.0,2.0,1.0,0.0,2012,Roberts
2012-040,0,9.0,213.0,28.0,1.0,302.0,301.0,0.0,11.0,1.0,0.0,2012,Roberts
2012-041,0,10.0,125.0,195.0,1.0,302.0,300.0,0.0,6.0,2.0,0.0,2012,Roberts
2012-042,1,8.0,138.0,135.0,1.0,42.0,31.0,0.0,12.0,1.0,0.0,2012,Roberts
2012-043,0,8.0,152.0,128.0,1.0,69.0,8.0,0.0,10.0,2.0,0.0,2012,Roberts
2012-044,0,9.0,3.0,338.0,1.0,25.0,25.0,0.0,11.0,1.0,0.0,2012,Roberts
2012-045,1,12.0,240.0,369.0,1.0,23.0,23.0,0.0,2.0,2.0,0.0,2012,Roberts
2012-046,1,1.0,28.0,126.0,1.0,81.0,26.0,1.0,12.0,2.0,0.0,2012,Roberts
2012-047,0,6.0,363.0,206.0,1.0,3.0,8.0,1.0,12.0,2.0,0.0,2012,Roberts
2012-048,1,1.0,126.0,28.0,1.0,82.0,26.0,0.0,2.0,2.0,0.0,2012,Roberts
2012-049,1,2.0,19.0,126.0,1.0,122.0,25.0,0.0,12.0,2.0,0.0,2012,Roberts
2012-050,1,1.0,28.0,126.0,1.0,302.0,300.0,1.0,6.0,2.0,0.0,2012,Roberts
2012-051,0,10.0,253.0,236.0,1.0,302.0,300.0,0.0,6.0,2.0,0.0,2012,Roberts
2012-052,1,9.0,28.0,126.0,1.0,52.0,29.0,1.0,12.0,1.0,0.0,2012,Roberts
2012-053,1,4.0,152.0,27.0,1.0,49.0,29.0,0.0,2.0,1.0,0.0,2012,Roberts
2012-054,1,1.0,152.0,27.0,1.0,66.0,27.0,0.0,2.0,1.0,0.0,2012,Roberts
2012-055,0,8.0,165.0,206.0,1.0,92.0,23.0,0.0,12.0,1.0,0.0,2012,Roberts
2012-056,1,10.0,245.0,3.0,1.0,48.0,29.0,0.0,11.0,3.0,0.0,2012,Roberts
2012-057,0,10.0,4.0,15.0,1.0,107.0,30.0,0.0,12.0,1.0,0.0,2012,Roberts
2012-058,1,1.0,27.0,137.0,1.0,61.0,31.0,0.0,2.0,2.0,0.0,2012,Roberts
2012-059,1,1.0,165.0,165.0,1.0,96.0,8.0,1.0,12.0,2.0,0.0,2012,Roberts
2012-060,0,1.0,100.0,28.0,1.0,302.0,300.0,0.0,8.0,1.0,0.0,2012,Roberts
2012-061,1,1.0,357.0,143.0,1.0,60.0,31.0,0.0,9.0,1.0,0.0,2012,Roberts
2012-062,1,1.0,126.0,27.0,1.0,126.0,24.0,0.0,13.0,1.0,0.0,2012,Roberts
2012-063,1,6.0,214.0,111.0,1.0,114.0,24.0,0.0,13.0,1.0,0.0,2012,Roberts
2012-064,0,2.0,28.0,170.0,1.0,45.0,29.0,0.0,12.0,2.0,0.0,2012,Roberts
2012-065,0,3.0,12.0,165.0,1.0,96.0,22.0,1.0,12.0,2.0,0.0,2012,Roberts
2012-066,1,8.0,135.0,228.0,1.0,96.0,22.0,0.0,11.0,2.0,0.0,2012,Roberts
2012-067,1,1.0,126.0,27.0,1.0,50.0,29.0,1.0,2.0,1.0,0.0,2012,Roberts
2012-068,1,2.0,239.0,26.0,1.0,122.0,25.0,1.0,12.0,2.0,0.0,2012,Roberts
2012-069,1,10.0,143.0,204.0,1.0,91.0,21.0,1.0,12.0,2.0,0.0,2012,Roberts
2012-070,0,2.0,11.0,26.0,1.0,69.0,27.0,0.0,2.0,1.0,0.0,2012,Roberts
2012-071,1,1.0,27.0,137.0,1.0,122.0,25.0,1.0,13.0,1.0,0.0,2012,Roberts
2012-072,1,2.0,167.0,206.0,1.0,120.0,25.0,1.0,11.0,2.0,0.0,2012,Roberts
2012-073,1,2.0,5.0,327.0,1.0,55.0,32.0,1.0,12.0,2.0,0.0,2012,Roberts
2012-074,1,4.0,195.0,18.0,1.0,302.0,300.0,0.0,2.0,2.0,0.0,2012,Roberts
2012-075,1,2.0,202.0,129.0,1.0,302.0,300.0,0.0,12.0,2.0,0.0,2012,Roberts
2012-076,0,2.0,4.0,126.0,1.0,45.0,29.0,1.0,12.0,1.0,0.0,2012,Roberts
2012-077,0,9.0,251.0,162.0,1.0,50.0,29.0,0.0,12.0,2.0,0.0,2012,Roberts
2012-078,1,1.0,126.0,27.0,1.0,96.0,22.0,0.0,12.0,3.0,0.0,2012,Roberts
2012-079,0,4.0,14.0,162.0,1.0,96.0,22.0,0.0,12.0,2.0,0.0,2012,Roberts
2013-001,0,2.0,19.0,13.0,1.0,66.0,27.0,0.0,12.0,2.0,0.0,2013,Roberts
2013-002,1,1.0,8.0,195.0,1.0,51.0,29.0,0.0,5.0,2.0,0.0,2013,Roberts
2013-003,1,1.0,28.0,215.0,1.0,81.0,26.0,0.0,12.0,2.0,0.0,2013,Roberts
2013-004,1,12.0,184.0,27.0,1.0,81.0,26.0,0.0,12.0,2.0,0.0,2013,Roberts
2013-005,1,12.0,27.0,173.0,1.0,122.0,25.0,0.0,2.0,1.0,0.0,2013,Roberts
2013-006,1,9.0,176.0,120.0,1.0,122.0,25.0,0.0,12.0,1.0,0.0,2013,Roberts
2013-007,1,9.0,205.0,205.0,1.0,71.0,28.0,0.0,11.0,1.0,0.0,2013,Roberts
2013-008,0,7.0,249.0,145.0,1.0,58.0,31.0,0.0,2.0,1.0,0.0,2013,Roberts
2013-009,1,1.0,28.0,100.0,1.0,302.0,300.0,0.0,12.0,2.0,0.0,2013,Roberts
2013-010,0,8.0,145.0,171.0,1.0,53.0,22.0,0.0,2.0,1.0,0.0,2013,Roberts
2013-011,1,4.0,189.0,159.0,1.0,50.0,29.0,1.0,11.0,1.0,0.0,2013,Roberts
2013-012,1,9.0,28.0,184.0,1.0,85.0,25.0,0.0,2.0,1.0,0.0,2013,Roberts
2013-013,1,9.0,151.0,146.0,1.0,80.0,21.0,0.0,2.0,2.0,0.0,2013,Roberts
2013-014,1,8.0,180.0,172.0,1.0,54.0,8.0,0.0,11.0,2.0,0.0,2013,Roberts
2013-015,1,1.0,126.0,27.0,1.0,71.0,28.0,0.0,11.0,1.0,0.0,2013,Roberts
2013-016,0,7.0,145.0,187.0,1.0,68.0,27.0,0.0,12.0,1.0,0.0,2013,Roberts
2013-017,1,3.0,104.0,145.0,1.0,302.0,300.0,0.0,11.0,1.0,0.0,2013,Roberts
2013-018,1,2.0,137.0,28.0,1.0,302.0,300.0,1.0,12.0,1.0,0.0,2013,Roberts
2013-019,0,1.0,100.0,27.0,1.0,58.0,31.0,0.0,2.0,1.0,0.0,2013,Roberts
2013-020,0,1.0,100.0,28.0,1.0,302.0,300.0,0.0,12.0,1.0,0.0,2013,Roberts
2013-021,1,4.0,8.0,174.0,1.0,90.0,29.0,1.0,11.0,2.0,0.0,2013,Roberts
2013-022,0,8.0,111.0,173.0,1.0,120.0,25.0,0.0,12.0,2.0,0.0,2013,Roberts
2013-023,1,1.0,27.0,137.0,1.0,48.0,29.0,0.0,12.0,2.0,0.0,2013,Roberts
2013-024,1,5.0,145.0,151.0,1.0,80.0,21.0,1.0,11.0,1.0,0.0,2013,Roberts
2013-025,1,8.0,138.0,135.0,1.0,48.0,29.0,0.0,12.0,1.0,0.0,2013,Roberts
2013-026,0,2.0,153.0,188.0,1.0,96.0,22.0,0.0,11.0,2.0,0.0,2013,Roberts
2013-027,1,8.0,173.0,24.0,1.0,55.0,32.0,0.0,10.0,2.0,0.0,2013,Roberts
2013-028,1,1.0,137.0,27.0,1.0,123.0,30.0,0.0,2.0,1.0,0.0,2013,Roberts
2013-029,1,14.0,195.0,27.0,1.0,134.0,30.0,0.0,2.0,3.0,0.0,2013,Roberts
2013-030,0,9.0,184.0,233.0,1.0,73.0,26.0,0.0,11.0,2.0,0.0,2013,Roberts
2013-031,1,12.0,27.0,238.0,1.0,82.0,26.0,0.0,2.0,1.0,0.0,2013,Roberts
2013-032,1,1.0,27.0,137.0,1.0,118.0,26.0,1.0,2.0,2.0,0.0,2013,Roberts
2013-033,1,3.0,211.0,343.0,2.0,55.0,55.0,0.0,1.0,2.0,1.0,2013,Roberts
2013-034,1,10.0,104.0,130.0,1.0,51.0,29.0,0.0,12.0,1.0,0.0,2013,Roberts
2013-035,1,2.0,19.0,223.0,1.0,81.0,26.0,1.0,12.0,2.0,0.0,2013,Roberts
2013-036,0,1.0,137.0,28.0,1.0,302.0,300.0,0.0,12.0,1.0,0.0,2013,Roberts
2013-037,1,1.0,28.0,126.0,1.0,74.0,26.0,1.0,12.0,2.0,0.0,2013,Roberts
2013-038,1,8.0,126.0,27.0,1.0,119.0,25.0,0.0,2.0,2.0,0.0,2013,Roberts
2013-039,1,8.0,333.0,150.0,1.0,32.0,32.0,1.0,11.0,1.0,0.0,2013,Roberts
2013-040,1,6.0,184.0,184.0,1.0,83.0,8.0,0.0,12.0,1.0,0.0,2013,Roberts
2013-041,1,6.0,171.0,172.0,1.0,120.0,8.0,1.0,11.0,1.0,0.0,2013,Roberts
2013-042,1,3.0,3.0,227.0,1.0,97.0,22.0,0.0,11.0,2.0,0.0,2013,Roberts
2013-043,0,1.0,137.0,27.0,1.0,132.0,27.0,0.0,2.0,1.0,0.0,2013,Roberts
2013-044,1,2.0,208.0,19.0,1.0,121.0,25.0,1.0,12.0,1.0,0.0,2013,Roberts
2013-045,1,8.0,172.0,156.0,1.0,48.0,29.0,0.0,2.0,2.0,0.0,2013,Roberts
2013-046,1,1.0,126.0,28.0,1.0,302.0,300.0,1.0,12.0,1.0,0.0,2013,Roberts
2013-047,1,3.0,8.0,218.0,1.0,108.0,29.0,0.0,12.0,2.0,0.0,2013,Roberts
2013-048,0,2.0,26.0,170.0,1.0,82.0,26.0,0.0,11.0,2.0,0.0,2013,Roberts
2013-049,1,2.0,8.0,129.0,1.0,118.0,26.0,0.0,12.0,2.0,0.0,2013,Roberts
2013-050,1,1.0,137.0,28.0,1.0,302.0,300.0,1.0,11.0,1.0,0.0,2013,Roberts
2013-051,1,8.0,172.0,172.0,1.0,80.0,8.0,1.0,12.0,1.0,0.0,2013,Roberts
2013-052,1,8.0,172.0,172.0,1.0,96.0,8.0,0.0,12.0,1.0,0.0,2013,Roberts
2013-053,1,1.0,137.0,27.0,1.0,109.0,23.0,0.0,12.0,1.0,0.0,2013,Roberts
2013-054,1,10.0,128.0,195.0,1.0,100.0,24.0,1.0,5.0,2.0,0.0,2013,Roberts
2013-055,0,8.0,171.0,102.0,1.0,129.0,29.0,0.0,12.0,2.0,0.0,2013,Roberts
2013-056,1,2.0,19.0,106.0,1.0,48.0,29.0,1.0,2.0,2.0,0.0,2013,Roberts
2013-057,1,8.0,105.0,233.0,1.0,48.0,29.0,0.0,11.0,1.0,0.0,2013,Roberts
2013-058,0,8.0,138.0,102.0,1.0,133.0,27.0,0.0,2.0,1.0,0.0,2013,Roberts
2013-059,0,5.0,600.0,173.0,1.0,96.0,22.0,0.0,12.0,1.0,0.0,2013,Roberts
2013-060,1,9.0,201.0,211.0,1.0,104.0,26.0,0.0,12.0,1.0,0.0,2013,Roberts
2013-061,0,1.0,137.0,27.0,1.0,127.0,24.0,0.0,2.0,2.0,0.0,2013,Roberts
2013-062,1,8.0,198.0,173.0,1.0,120.0,25.0,0.0,2.0,2.0,0.0,2013,Roberts
2013-063,0,8.0,216.0,333.0,1.0,32.0,32.0,1.0,11.0,1.0,0.0,2013,Roberts
2013-064,0,1.0,137.0,27.0,1.0,123.0,30.0,0.0,2.0,1.0,0.0,2013,Roberts
2013-065,1,1.0,137.0,28.0,1.0,302.0,301.0,0.0,12.0,1.0,0.0,2013,Roberts
2013-066,1,8.0,113.0,145.0,1.0,104.0,26.0,0.0,7.0,2.0,0.0,2013,Roberts
2013-067,1,8.0,191.0,124.0,1.0,96.0,22.0,1.0,12.0,2.0,0.0,2013,Roberts
2013-068,1,5.0,218.0,19.0,1.0,80.0,21.0,0.0,11.0,2.0,0.0,2013,Roberts
2013-069,0,13.0,382.0,151.0,1.0,32.0,32.0,0.0,11.0,1.0,0.0,2013,Roberts
2013-070,0,3.0,363.0,238.0,1.0,107.0,30.0,1.0,12.0,1.0,0.0,2013,Roberts
2013-071,1,7.0,9.0,19.0,1.0,68.0,27.0,0.0,10.0,1.0,0.0,2013,Roberts
2013-072,1,1.0,126.0,9.0,1.0,51.0,29.0,0.0,12.0,1.0,0.0,2013,Roberts
2013-073,0,3.0,8.0,26.0,1.0,42.0,31.0,0.0,2.0,1.0,1.0,2013,Roberts
2013-074,0,8.0,172.0,113.0,1.0,55.0,8.0,1.0,2.0,2.0,0.0,2013,Roberts
2013-075,1,4.0,27.0,240.0,1.0,58.0,31.0,0.0,2.0,2.0,0.0,2013,Roberts
2014-001,0,1.0,126.0,28.0,1.0,302.0,300.0,1.0,12.0,1.0,0.0,2014,Roberts
2014-003,1,3.0,215.0,7.0,1.0,46.0,28.0,0.0,12.0,1.0,0.0,2014,Roberts
2014-004,1,9.0,198.0,173.0,1.0,72.0,30.0,1.0,2.0,1.0,0.0,2014,Roberts
2014-005,1,7.0,151.0,145.0,1.0,90.0,29.0,0.0,12.0,2.0,0.0,2014,Roberts
2014-006,0,1.0,208.0,137.0,1.0,115.0,28.0,0.0,2.0,1.0,0.0,2014,Roberts
2014-007,1,11.0,28.0,28.0,9.0,,,0.0,1.0,,0.0,2014,Roberts
2014-008,0,8.0,4.0,357.0,1.0,24.0,24.0,0.0,12.0,2.0,0.0,2014,Roberts
2014-009,1,8.0,172.0,143.0,1.0,96.0,8.0,0.0,10.0,2.0,0.0,2014,Roberts
2014-010,1,1.0,215.0,7.0,1.0,121.0,25.0,0.0,11.0,1.0,0.0,2014,Roberts
2014-011,0,13.0,175.0,328.0,1.0,55.0,32.0,0.0,12.0,2.0,0.0,2014,Roberts
2014-012,1,8.0,144.0,146.0,1.0,73.0,26.0,0.0,11.0,2.0,0.0,2014,Roberts
2014-013,0,3.0,418.0,260.0,1.0,8.0,8.0,0.0,12.0,2.0,0.0,2014,Roberts
2014-014,1,8.0,138.0,113.0,1.0,83.0,28.0,0.0,12.0,1.0,0.0,2014,Roberts
2014-015,1,1.0,126.0,27.0,1.0,56.0,31.0,0.0,12.0,1.0,0.0,2014,Roberts
2014-016,1,4.0,126.0,27.0,1.0,83.0,28.0,0.0,11.0,1.0,0.0,2014,Roberts
2014-017,1,2.0,19.0,28.0,2.0,41.0,41.0,1.0,1.0,1.0,1.0,2014,Roberts
2014-018,1,8.0,151.0,230.0,1.0,104.0,26.0,0.0,12.0,2.0,0.0,2014,Roberts
2014-019,1,8.0,7.0,231.0,1.0,42.0,31.0,0.0,11.0,1.0,0.0,2014,Roberts
2014-021,0,8.0,19.0,240.0,1.0,302.0,300.0,1.0,12.0,1.0,0.0,2014,Roberts
2014-022,1,7.0,371.0,113.0,1.0,55.0,32.0,0.0,12.0,2.0,0.0,2014,Roberts
2014-024,1,1.0,126.0,27.0,1.0,109.0,23.0,0.0,12.0,1.0,0.0,2014,Roberts
2014-025,1,8.0,184.0,184.0,1.0,46.0,28.0,1.0,12.0,2.0,0.0,2014,Roberts
2014-026,0,1.0,126.0,27.0,1.0,100.0,24.0,0.0,12.0,1.0,0.0,2014,Roberts
2014-027,1,2.0,154.0,234.0,1.0,79.0,24.0,0.0,7.0,1.0,0.0,2014,Roberts
2014-028,0,8.0,172.0,172.0,1.0,48.0,29.0,0.0,2.0,2.0,0.0,2014,Roberts
2014-029,1,8.0,233.0,7.0,1.0,52.0,30.0,0.0,12.0,2.0,0.0,2014,Roberts
2014-030,1,8.0,329.0,231.0,1.0,55.0,32.0,0.0,12.0,1.0,0.0,2014,Roberts
2014-031,1,9.0,166.0,166.0,1.0,125.0,23.0,0.0,12.0,1.0,0.0,2014,Roberts
2014-033,0,8.0,27.0,106.0,1.0,108.0,29.0,1.0,2.0,1.0,0.0,2014,Roberts
2014-035,1,8.0,176.0,230.0,1.0,126.0,24.0,0.0,12.0,2.0,0.0,2014,Roberts
2014-036,1,2.0,106.0,1.0,1.0,28.0,28.0,0.0,12.0,1.0,0.0,2014,Roberts
2014-037,1,3.0,130.0,3.0,1.0,45.0,29.0,0.0,12.0,1.0,0.0,2014,Roberts
2014-038,1,9.0,184.0,141.0,1.0,66.0,27.0,0.0,12.0,1.0,0.0,2014,Roberts
2014-039,1,9.0,19.0,180.0,1.0,64.0,29.0,0.0,12.0,2.0,0.0,2014,Roberts
2014-040,0,2.0,7.0,192.0,1.0,120.0,25.0,0.0,11.0,2.0,0.0,2014,Roberts
2014-041,1,1.0,126.0,27.0,1.0,89.0,28.0,0.0,2.0,1.0,0.0,2014,Roberts
2014-042,1,2.0,328.0,236.0,1.0,50.0,29.0,1.0,12.0,2.0,0.0,2014,Roberts
2014-043,0,2.0,213.0,8.0,1.0,82.0,26.0,1.0,2.0,1.0,0.0,2014,Roberts
2014-044,1,1.0,126.0,27.0,1.0,56.0,31.0,0.0,2.0,1.0,0.0,2014,Roberts
2014-045,1,8.0,230.0,146.0,1.0,48.0,29.0,0.0,11.0,1.0,0.0,2014,Roberts
2014-046,1,2.0,332.0,238.0,1.0,106.0,30.0,0.0,12.0,1.0,0.0,2014,Roberts
2014-047,0,6.0,111.0,187.0,1.0,121.0,25.0,0.0,12.0,1.0,0.0,2014,Roberts
2014-048,0,2.0,17.0,4.0,2.0,45.0,45.0,1.0,1.0,2.0,1.0,2014,Roberts
2014-049,1,1.0,28.0,126.0,1.0,302.0,300.0,1.0,12.0,2.0,0.0,2014,Roberts
2014-050,0,1.0,3.0,195.0,1.0,48.0,29.0,1.0,12.0,2.0,0.0,2014,Roberts
2014-051,1,1.0,19.0,215.0,1.0,51.0,29.0,1.0,12.0,2.0,0.0,2014,Roberts
2014-052,0,12.0,214.0,363.0,1.0,126.0,24.0,0.0,2.0,2.0,0.0,2014,Roberts
2014-053,1,9.0,132.0,332.0,1.0,67.0,27.0,0.0,3.0,1.0,0.0,2014,Roberts
2014-054,0,10.0,209.0,123.0,1.0,90.0,29.0,0.0,9.0,1.0,0.0,2014,Roberts
2014-055,0,3.0,211.0,111.0,1.0,300.0,300.0,1.0,12.0,2.0,0.0,2014,Roberts
2014-056,1,8.0,205.0,3.0,1.0,60.0,31.0,0.0,12.0,2.0,0.0,2014,Roberts
2014-057,1,2.0,126.0,28.0,1.0,86.0,28.0,0.0,12.0,1.0,0.0,2014,Roberts
2014-058,1,3.0,7.0,192.0,1.0,122.0,25.0,1.0,12.0,2.0,0.0,2014,Roberts
2014-059,0,2.0,3.0,208.0,1.0,50.0,29.0,1.0,11.0,2.0,0.0,2014,Roberts
2014-060,1,8.0,113.0,138.0,1.0,56.0,31.0,0.0,12.0,2.0,0.0,2014,Roberts
2014-061,1,8.0,28.0,333.0,1.0,32.0,32.0,1.0,12.0,2.0,0.0,2014,Roberts
2014-062,1,1.0,215.0,19.0,1.0,76.0,25.0,0.0,11.0,1.0,0.0,2014,Roberts
2014-063,1,8.0,172.0,205.0,1.0,119.0,8.0,1.0,11.0,2.0,0.0,2014,Roberts
2014-064,0,8.0,172.0,184.0,1.0,45.0,29.0,0.0,10.0,2.0,0.0,2014,Roberts
2014-065,1,8.0,114.0,102.0,1.0,122.0,25.0,0.0,2.0,1.0,0.0,2014,Roberts
2014-066,0,9.0,114.0,113.0,1.0,20.0,21.0,0.0,2.0,1.0,0.0,2014,Roberts
2014-067,1,1.0,126.0,27.0,1.0,127.0,24.0,0.0,12.0,1.0,0.0,2014,Roberts
2014-068,1,2.0,110.0,19.0,1.0,133.0,27.0,1.0,2.0,1.0,0.0,2014,Roberts
2014-069,1,4.0,152.0,304.0,1.0,49.0,29.0,0.0,11.0,2.0,0.0,2014,Roberts
2014-070,1,4.0,162.0,7.0,1.0,104.0,26.0,1.0,11.0,1.0,0.0,2014,Roberts
2014-071,0,1.0,126.0,19.0,1.0,107.0,30.0,0.0,12.0,1.0,0.0,2014,Roberts
2014-072,1,9.0,106.0,327.0,1.0,25.0,25.0,0.0,2.0,1.0,0.0,2014,Roberts
2014-073,1,2.0,19.0,215.0,1.0,81.0,26.0,0.0,12.0,2.0,0.0,2014,Roberts
2014-074,1,1.0,217.0,28.0,1.0,302.0,300.0,0.0,12.0,1.0,0.0,2014,Roberts
2014-075,1,2.0,19.0,110.0,1.0,54.0,23.0,1.0,12.0,2.0,0.0,2014,Roberts
2014-076,1,1.0,19.0,126.0,,48.0,29.0,0.0,12.0,2.0,0.0,2014,Roberts
2014-077,1,2.0,8.0,174.0,1.0,110.0,23.0,0.0,12.0,2.0,0.0,2014,Roberts
2014-078,1,9.0,13.0,3.0,1.0,84.0,25.0,0.0,12.0,1.0,0.0,2014,Roberts
2014-079,1,9.0,19.0,126.0,1.0,129.0,29.0,0.0,12.0,2.0,0.0,2014,Roberts
2015-001,1,8.0,24.0,208.0,1.0,50.0,29.0,1.0,12.0,2.0,0.0,2015,Roberts
2015-002,0,,138.0,113.0,1.0,86.0,28.0,0.0,12.0,,0.0,2015,Roberts
2015-003,0,1.0,126.0,27.0,1.0,79.0,24.0,0.0,12.0,1.0,0.0,2015,Roberts
2015-004,1,8.0,124.0,134.0,1.0,302.0,301.0,0.0,5.0,2.0,0.0,2015,Roberts
2015-005,1,1.0,28.0,215.0,1.0,302.0,300.0,0.0,12.0,2.0,0.0,2015,Roberts
2015-006,1,1.0,175.0,28.0,1.0,302.0,300.0,1.0,11.0,1.0,0.0,2015,Roberts
2015-007,1,1.0,126.0,28.0,1.0,302.0,300.0,1.0,11.0,1.0,0.0,2015,Roberts
2015-008,1,8.0,344.0,148.0,1.0,32.0,32.0,1.0,11.0,1.0,0.0,2015,Roberts
2015-009,0,9.0,176.0,174.0,1.0,48.0,29.0,0.0,2.0,2.0,0.0,2015,Roberts
2015-010,1,9.0,220.0,174.0,1.0,48.0,29.0,0.0,12.0,2.0,0.0,2015,Roberts
2015-011,1,1.0,215.0,19.0,1.0,302.0,300.0,0.0,12.0,1.0,0.0,2015,Roberts
2015-012,0,3.0,126.0,27.0,1.0,94.0,22.0,0.0,2.0,1.0,0.0,2015,Roberts
2015-013,0,1.0,106.0,368.0,1.0,22.0,22.0,0.0,2.0,1.0,0.0,2015,Roberts
2015-014,1,9.0,251.0,4.0,1.0,79.0,24.0,0.0,2.0,1.0,0.0,2015,Roberts
2015-015,0,2.0,215.0,336.0,1.0,55.0,32.0,0.0,2.0,1.0,0.0,2015,Roberts
2015-016,1,8.0,208.0,146.0,1.0,58.0,31.0,0.0,2.0,1.0,0.0,2015,Roberts
2015-017,1,8.0,176.0,414.0,1.0,3.0,8.0,1.0,11.0,2.0,0.0,2015,Roberts
2015-018,0,7.0,158.0,145.0,1.0,70.0,28.0,1.0,12.0,2.0,0.0,2015,Roberts
2015-019,1,1.0,100.0,27.0,1.0,58.0,31.0,0.0,12.0,1.0,0.0,2015,Roberts
2015-020,0,1.0,137.0,27.0,1.0,120.0,25.0,0.0,2.0,1.0,0.0,2015,Roberts
2015-021,1,2.0,145.0,412.0,1.0,52.0,30.0,0.0,2.0,1.0,0.0,2015,Roberts
2015-022,0,9.0,119.0,173.0,1.0,92.0,23.0,0.0,2.0,1.0,0.0,2015,Roberts
2015-023,0,2.0,170.0,27.0,1.0,55.0,32.0,1.0,2.0,1.0,0.0,2015,Roberts
2015-024,0,10.0,4.0,171.0,1.0,124.0,22.0,1.0,10.0,2.0,0.0,2015,Roberts
2015-025,0,2.0,238.0,175.0,1.0,85.0,25.0,0.0,12.0,2.0,0.0,2015,Roberts
2015-026,1,8.0,4.0,174.0,1.0,302.0,300.0,0.0,11.0,2.0,0.0,2015,Roberts
2015-027,0,2.0,251.0,4.0,2.0,45.0,45.0,1.0,1.0,2.0,1.0,2015,Roberts
2015-028,0,2.0,251.0,19.0,2.0,122.0,122.0,0.0,1.0,2.0,1.0,2015,Roberts
2015-029,0,2.0,239.0,26.0,1.0,122.0,25.0,1.0,12.0,2.0,0.0,2015,Roberts
2015-030,0,7.0,216.0,216.0,1.0,48.0,29.0,0.0,12.0,2.0,0.0,2015,Roberts
2015-031,1,1.0,126.0,27.0,1.0,121.0,25.0,0.0,3.0,1.0,0.0,2015,Roberts
2015-032,0,9.0,215.0,8.0,1.0,66.0,27.0,0.0,12.0,2.0,0.0,2015,Roberts
2015-033,0,8.0,600.0,208.0,1.0,96.0,22.0,0.0,11.0,2.0,0.0,2015,Roberts
2015-034,0,1.0,28.0,100.0,1.0,16.0,15.0,1.0,11.0,2.0,0.0,2015,Roberts
2015-035,1,3.0,8.0,3.0,1.0,92.0,23.0,0.0,2.0,1.0,0.0,2015,Roberts
2015-036,0,9.0,102.0,158.0,1.0,72.0,30.0,0.0,7.0,1.0,0.0,2015,Roberts
2015-037,0,2.0,28.0,115.0,1.0,89.0,28.0,0.0,11.0,2.0,0.0,2015,Roberts
2015-038,1,8.0,214.0,326.0,1.0,44.0,29.0,0.0,12.0,2.0,0.0,2015,Roberts
2015-039,1,1.0,28.0,100.0,1.0,301.0,300.0,0.0,9.0,2.0,0.0,2015,Roberts
2015-040,0,1.0,126.0,27.0,1.0,127.0,24.0,0.0,2.0,1.0,0.0,2015,Roberts
2015-041,1,8.0,133.0,133.0,1.0,90.0,8.0,0.0,12.0,2.0,0.0,2015,Roberts
2015-042,0,10.0,4.0,148.0,1.0,79.0,24.0,0.0,12.0,2.0,0.0,2015,Roberts
2015-044,0,1.0,126.0,27.0,1.0,78.0,21.0,0.0,2.0,1.0,0.0,2015,Roberts
2015-045,1,4.0,215.0,28.0,1.0,302.0,300.0,0.0,12.0,1.0,0.0,2015,Roberts
2015-046,1,1.0,126.0,27.0,1.0,72.0,30.0,1.0,2.0,1.0,0.0,2015,Roberts
2015-047,1,8.0,135.0,138.0,1.0,121.0,25.0,0.0,12.0,2.0,0.0,2015,Roberts
2015-048,1,5.0,165.0,7.0,1.0,122.0,25.0,1.0,11.0,1.0,0.0,2015,Roberts
2015-049,0,9.0,14.0,251.0,2.0,126.0,126.0,1.0,1.0,2.0,1.0,2015,Roberts
2015-050,1,8.0,143.0,24.0,1.0,94.0,22.0,1.0,3.0,2.0,0.0,2015,Roberts
2015-051,0,8.0,8.0,215.0,1.0,103.0,26.0,0.0,2.0,2.0,0.0,2015,Roberts
2015-052,0,1.0,126.0,28.0,1.0,302.0,300.0,0.0,2.0,1.0,0.0,2015,Roberts
2015-053,1,2.0,111.0,138.0,1.0,104.0,26.0,1.0,12.0,2.0,0.0,2015,Roberts
2015-054,1,2.0,215.0,19.0,1.0,79.0,24.0,1.0,12.0,2.0,0.0,2015,Roberts
2015-055,1,1.0,126.0,27.0,1.0,58.0,31.0,0.0,12.0,1.0,0.0,2015,Roberts
2015-056,0,8.0,306.0,187.0,1.0,83.0,28.0,0.0,12.0,1.0,0.0,2015,Roberts
2015-057,1,8.0,102.0,237.0,1.0,48.0,29.0,0.0,12.0,1.0,0.0,2015,Roberts
2015-058,1,6.0,174.0,3.0,1.0,302.0,300.0,0.0,12.0,,0.0,2015,Roberts
2015-059,1,8.0,253.0,253.0,1.0,302.0,300.0,0.0,12.0,1.0,0.0,2015,Roberts
2015-060,1,1.0,126.0,19.0,1.0,302.0,300.0,1.0,12.0,1.0,0.0,2015,Roberts
2015-061,1,1.0,155.0,28.0,1.0,300.0,300.0,0.0,12.0,1.0,0.0,2015,Roberts
2015-062,0,8.0,28.0,173.0,1.0,112.0,21.0,0.0,12.0,1.0,0.0,2015,Roberts
2015-063,1,3.0,130.0,363.0,1.0,111.0,23.0,0.0,12.0,1.0,0.0,2015,Roberts
2015-064,1,2.0,245.0,332.0,1.0,70.0,28.0,0.0,2.0,2.0,0.0,2015,Roberts
2015-065,0,2.0,27.0,28.0,1.0,121.0,25.0,0.0,12.0,1.0,0.0,2015,Roberts
2015-066,1,1.0,27.0,170.0,1.0,88.0,29.0,1.0,2.0,2.0,0.0,2015,Roberts
2015-067,1,8.0,165.0,27.0,1.0,80.0,21.0,0.0,2.0,2.0,0.0,2015,Roberts
2015-068,1,1.0,126.0,28.0,1.0,302.0,300.0,0.0,11.0,1.0,0.0,2015,Roberts
2015-069,1,7.0,125.0,145.0,1.0,48.0,29.0,0.0,2.0,2.0,0.0,2015,Roberts
2015-070,1,6.0,117.0,220.0,1.0,96.0,22.0,0.0,2.0,1.0,0.0,2015,Roberts
2015-071,0,8.0,172.0,394.0,1.0,8.0,8.0,1.0,11.0,2.0,0.0,2015,Roberts
2015-072,1,1.0,126.0,27.0,1.0,71.0,28.0,0.0,2.0,1.0,0.0,2015,Roberts
2015-073,1,11.0,28.0,28.0,9.0,,,0.0,1.0,,0.0,2015,Roberts
2015-074,1,1.0,28.0,126.0,1.0,82.0,26.0,1.0,12.0,2.0,0.0,2015,Roberts
2015-075,1,1.0,19.0,27.0,1.0,126.0,24.0,0.0,12.0,1.0,0.0,2015,Roberts
2015-076,0,9.0,208.0,214.0,1.0,88.0,29.0,0.0,7.0,1.0,0.0,2015,Roberts
2015-077,1,1.0,126.0,28.0,1.0,302.0,300.0,0.0,12.0,1.0,0.0,2015,Roberts
2015-078,0,1.0,19.0,137.0,1.0,51.0,29.0,0.0,12.0,2.0,0.0,2015,Roberts
2015-079,1,1.0,19.0,215.0,1.0,300.0,29.0,0.0,12.0,1.0,0.0,2015,Roberts
2015-082,1,1.0,28.0,137.0,1.0,302.0,301.0,0.0,12.0,2.0,0.0,2015,Roberts
2015-083,1,1.0,8.0,100.0,1.0,25.0,25.0,1.0,12.0,1.0,0.0,2015,Roberts
2015-084,1,1.0,8.0,126.0,1.0,302.0,26.0,1.0,12.0,1.0,1.0,2015,Roberts
2016-001,1,8.0,133.0,133.0,1.0,50.0,8.0,0.0,12.0,1.0,0.0,2016,Roberts
2016-002,1,1.0,126.0,28.0,1.0,301.0,300.0,1.0,11.0,1.0,0.0,2016,Roberts
2016-003,0,9.0,126.0,27.0,1.0,58.0,31.0,0.0,12.0,1.0,0.0,2016,Roberts
2016-004,0,1.0,100.0,27.0,1.0,50.0,29.0,0.0,4.0,1.0,0.0,2016,Roberts
2016-005,1,1.0,110.0,3.0,1.0,66.0,27.0,0.0,2.0,1.0,0.0,2016,Roberts
2016-006,1,2.0,239.0,21.0,1.0,81.0,26.0,1.0,7.0,1.0,0.0,2016,Roberts
2016-007,0,8.0,184.0,184.0,1.0,118.0,26.0,1.0,11.0,1.0,0.0,2016,Roberts
2016-008,1,8.0,135.0,114.0,1.0,54.0,23.0,1.0,12.0,2.0,0.0,2016,Roberts
2016-009,1,8.0,172.0,172.0,1.0,74.0,8.0,1.0,12.0,1.0,0.0,2016,Roberts
2016-010,1,9.0,24.0,184.0,1.0,55.0,32.0,0.0,11.0,2.0,0.0,2016,Roberts
2016-011,0,13.0,382.0,151.0,1.0,32.0,32.0,0.0,12.0,1.0,0.0,2016,Roberts
2016-013,1,9.0,113.0,3.0,1.0,58.0,31.0,0.0,11.0,2.0,0.0,2016,Roberts
2016-014,1,9.0,138.0,113.0,1.0,48.0,29.0,1.0,2.0,1.0,0.0,2016,Roberts
2016-015,1,2.0,327.0,106.0,1.0,22.0,22.0,0.0,2.0,2.0,0.0,2016,Roberts
2016-016,0,1.0,100.0,27.0,1.0,112.0,21.0,0.0,2.0,1.0,0.0,2016,Roberts
2016-017,0,1.0,100.0,28.0,1.0,302.0,301.0,1.0,5.0,2.0,0.0,2016,Roberts
2016-020,0,8.0,171.0,230.0,1.0,85.0,25.0,0.0,12.0,2.0,0.0,2016,Roberts
2016-026,0,1.0,126.0,27.0,1.0,58.0,31.0,0.0,2.0,1.0,0.0,2016,Roberts
2016-027,1,1.0,215.0,28.0,1.0,302.0,300.0,1.0,11.0,1.0,0.0,2016,Roberts
2016-029,1,2.0,251.0,4.0,2.0,126.0,126.0,1.0,1.0,1.0,1.0,2016,Roberts
2016-030,0,2.0,28.0,251.0,2.0,99.0,99.0,1.0,1.0,2.0,1.0,2016,Roberts
2016-031,1,8.0,184.0,172.0,1.0,133.0,8.0,1.0,12.0,1.0,0.0,2016,Roberts
2016-033,1,4.0,100.0,28.0,1.0,301.0,300.0,1.0,12.0,1.0,0.0,2016,Roberts
2016-034,1,2.0,208.0,170.0,1.0,302.0,300.0,0.0,11.0,2.0,0.0,2016,Roberts
2016-035,1,3.0,233.0,19.0,1.0,96.0,22.0,0.0,12.0,1.0,0.0,2016,Roberts
2016-036,1,9.0,184.0,208.0,1.0,45.0,29.0,1.0,2.0,2.0,0.0,2016,Roberts
2016-037,1,2.0,140.0,21.0,1.0,52.0,30.0,0.0,12.0,1.0,0.0,2016,Roberts
2016-039,1,2.0,135.0,114.0,1.0,43.0,31.0,0.0,2.0,2.0,0.0,2016,Roberts
2016-040,0,3.0,394.0,172.0,1.0,8.0,8.0,1.0,11.0,2.0,0.0,2016,Roberts
2016-041,1,2.0,368.0,106.0,1.0,94.0,22.0,1.0,12.0,2.0,0.0,2016,Roberts
2016-042,1,1.0,126.0,27.0,1.0,48.0,29.0,0.0,12.0,1.0,0.0,2016,Roberts
2016-043,1,1.0,159.0,260.0,1.0,122.0,25.0,0.0,12.0,1.0,0.0,2016,Roberts
2016-044,1,9.0,151.0,332.0,1.0,45.0,29.0,0.0,2.0,2.0,0.0,2016,Roberts
2016-045,1,8.0,165.0,102.0,1.0,301.0,300.0,1.0,12.0,2.0,0.0,2016,Roberts
2016-046,1,3.0,126.0,28.0,1.0,301.0,300.0,1.0,12.0,1.0,0.0,2016,Roberts
2016-047,1,2.0,106.0,1.0,1.0,26.0,26.0,1.0,12.0,1.0,0.0,2016,Roberts
2016-048,1,1.0,126.0,27.0,1.0,70.0,28.0,0.0,12.0,1.0,0.0,2016,Roberts
2016-049,1,10.0,171.0,145.0,1.0,301.0,300.0,0.0,5.0,1.0,0.0,2016,Roberts
2016-050,1,1.0,8.0,137.0,1.0,93.0,30.0,1.0,12.0,2.0,0.0,2016,Roberts
2016-051,0,4.0,195.0,28.0,1.0,302.0,301.0,0.0,12.0,2.0,0.0,2016,Roberts
2016-052,1,10.0,250.0,253.0,1.0,302.0,300.0,0.0,6.0,1.0,0.0,2016,Roberts
2016-053,1,9.0,133.0,134.0,1.0,129.0,29.0,0.0,2.0,2.0,0.0,2016,Roberts
2016-054,1,8.0,184.0,172.0,1.0,104.0,8.0,1.0,11.0,1.0,0.0,2016,Roberts
2016-055,1,2.0,5.0,208.0,1.0,48.0,29.0,0.0,12.0,2.0,0.0,2016,Roberts
2016-056,1,9.0,184.0,145.0,1.0,302.0,301.0,1.0,6.0,1.0,0.0,2016,Roberts
2016-057,1,8.0,167.0,145.0,1.0,66.0,27.0,0.0,10.0,2.0,0.0,2016,Roberts
2016-058,1,9.0,184.0,172.0,1.0,54.0,8.0,0.0,12.0,2.0,0.0,2016,Roberts
2016-060,1,1.0,106.0,27.0,1.0,118.0,26.0,0.0,12.0,1.0,0.0,2016,Roberts
2016-061,0,1.0,126.0,27.0,1.0,302.0,300.0,0.0,12.0,1.0,0.0,2016,Roberts
2016-062,1,8.0,145.0,27.0,1.0,116.0,26.0,0.0,2.0,2.0,0.0,2016,Roberts
2016-063,1,9.0,13.0,374.0,1.0,32.0,32.0,0.0,11.0,3.0,0.0,2016,Roberts
2016-064,1,9.0,3.0,139.0,1.0,96.0,22.0,0.0,2.0,2.0,0.0,2016,Roberts
2016-065,0,9.0,173.0,119.0,1.0,96.0,22.0,0.0,12.0,1.0,0.0,2016,Roberts
2016-066,1,8.0,119.0,405.0,1.0,93.0,30.0,0.0,2.0,2.0,0.0,2016,Roberts
2016-067,0,8.0,138.0,135.0,1.0,79.0,24.0,0.0,2.0,1.0,0.0,2016,Roberts
2016-068,1,3.0,130.0,7.0,1.0,87.0,28.0,1.0,12.0,2.0,0.0,2016,Roberts
2016-069,0,2.0,126.0,28.0,1.0,302.0,300.0,0.0,5.0,1.0,0.0,2016,Roberts
2016-070,1,1.0,215.0,19.0,1.0,42.0,31.0,1.0,12.0,1.0,0.0,2016,Roberts
2016-071,0,1.0,215.0,7.0,1.0,120.0,25.0,0.0,12.0,1.0,0.0,2016,Roberts
2016-072,1,4.0,143.0,208.0,1.0,301.0,300.0,1.0,11.0,2.0,0.0,2016,Roberts
2016-073,1,4.0,231.0,145.0,1.0,302.0,300.0,1.0,11.0,2.0,0.0,2016,Roberts
2016-074,1,8.0,143.0,172.0,1.0,50.0,8.0,1.0,12.0,1.0,0.0,2016,Roberts
2016-075,1,2.0,106.0,27.0,1.0,103.0,26.0,0.0,2.0,1.0,0.0,2016,Roberts
2016-076,1,1.0,215.0,4.0,1.0,121.0,31.0,1.0,12.0,1.0,0.0,2016,Roberts
2016-077,1,4.0,126.0,28.0,1.0,302.0,300.0,0.0,12.0,1.0,0.0,2016,Roberts
2016-078,1,2.0,28.0,251.0,2.0,99.0,99.0,0.0,1.0,2.0,1.0,2016,Roberts
2016-079,1,1.0,28.0,215.0,1.0,126.0,24.0,1.0,12.0,2.0,0.0,2016,Roberts
2016-080,1,1.0,28.0,215.0,1.0,103.0,26.0,1.0,12.0,2.0,0.0,2016,Roberts
2016-081,1,4.0,162.0,7.0,1.0,302.0,300.0,1.0,12.0,1.0,0.0,2016,Roberts
2017-001,0,4.0,327.0,106.0,1.0,29.0,29.0,1.0,2.0,2.0,0.0,2017,Roberts
2017-002,1,7.0,151.0,145.0,1.0,133.0,27.0,0.0,7.0,2.0,0.0,2017,Roberts
2017-003,1,2.0,368.0,106.0,1.0,48.0,29.0,0.0,12.0,2.0,0.0,2017,Roberts
2017-004,1,9.0,19.0,251.0,2.0,133.0,133.0,1.0,1.0,2.0,1.0,2017,Roberts
2017-005,1,1.0,126.0,27.0,1.0,55.0,32.0,0.0,11.0,1.0,0.0,2017,Roberts
2017-006,1,8.0,28.0,110.0,1.0,55.0,32.0,1.0,11.0,2.0,0.0,2017,Roberts
2017-008,1,9.0,145.0,151.0,1.0,66.0,27.0,0.0,12.0,1.0,0.0,2017,Roberts
2017-009,1,9.0,184.0,324.0,1.0,26.0,26.0,1.0,12.0,2.0,0.0,2017,Roberts
2017-010,0,9.0,208.0,159.0,1.0,94.0,22.0,0.0,12.0,1.0,0.0,2017,Roberts
2017-011,1,2.0,215.0,7.0,1.0,121.0,25.0,0.0,11.0,1.0,0.0,2017,Roberts
2017-012,1,1.0,215.0,4.0,1.0,59.0,31.0,1.0,2.0,1.0,0.0,2017,Roberts
2017-013,0,8.0,113.0,114.0,1.0,20.0,29.0,1.0,11.0,2.0,0.0,2017,Roberts
2017-014,1,9.0,145.0,28.0,1.0,302.0,300.0,0.0,6.0,1.0,0.0,2017,Roberts
2017-016,0,8.0,196.0,114.0,1.0,66.0,27.0,0.0,2.0,2.0,0.0,2017,Roberts
2017-017,0,9.0,195.0,326.0,1.0,55.0,32.0,0.0,11.0,1.0,0.0,2017,Roberts
2017-018,1,2.0,7.0,251.0,1.0,104.0,26.0,1.0,12.0,2.0,0.0,2017,Roberts
2017-019,0,8.0,205.0,173.0,1.0,302.0,301.0,0.0,5.0,2.0,0.0,2017,Roberts
2017-020,1,2.0,228.0,4.0,1.0,301.0,301.0,0.0,12.0,2.0,0.0,2017,Roberts
2017-021,1,1.0,126.0,27.0,1.0,81.0,26.0,0.0,12.0,1.0,0.0,2017,Roberts
2017-022,1,10.0,28.0,216.0,1.0,92.0,23.0,1.0,10.0,2.0,0.0,2017,Roberts
2017-023,0,8.0,208.0,24.0,1.0,66.0,27.0,0.0,2.0,1.0,0.0,2017,Roberts
2017-024,0,8.0,198.0,198.0,1.0,8.0,8.0,0.0,11.0,2.0,0.0,2017,Roberts
2017-025,1,8.0,172.0,394.0,1.0,8.0,8.0,1.0,11.0,1.0,0.0,2017,Roberts
2017-026,0,6.0,215.0,8.0,1.0,67.0,27.0,0.0,11.0,1.0,0.0,2017,Roberts
2017-027,1,1.0,240.0,27.0,1.0,97.0,22.0,1.0,2.0,1.0,0.0,2017,Roberts
2017-028,1,8.0,139.0,145.0,1.0,50.0,29.0,1.0,2.0,2.0,0.0,2017,Roberts
2017-029,1,1.0,4.0,215.0,1.0,43.0,31.0,1.0,12.0,2.0,0.0,2017,Roberts
2017-030,1,1.0,4.0,215.0,1.0,51.0,29.0,0.0,12.0,2.0,0.0,2017,Roberts
2017-031,1,11.0,28.0,28.0,9.0,,,,1.0,,,2017,Roberts
2017-033,1,1.0,126.0,27.0,1.0,110.0,23.0,0.0,2.0,1.0,0.0,2017,Roberts
2017-035,0,2.0,186.0,27.0,1.0,4.0,4.0,0.0,12.0,3.0,0.0,2017,Roberts
2017-036,0,2.0,186.0,27.0,1.0,5.0,4.0,0.0,12.0,3.0,0.0,2017,Roberts
2017-037,1,9.0,166.0,166.0,1.0,125.0,23.0,0.0,12.0,1.0,0.0,2017,Roberts
2017-038,0,9.0,186.0,27.0,1.0,,4.0,0.0,11.0,2.0,0.0,2017,Roberts
2017-039,1,1.0,126.0,28.0,1.0,302.0,300.0,0.0,6.0,1.0,0.0,2017,Roberts
2017-040,1,7.0,125.0,145.0,1.0,48.0,29.0,0.0,11.0,2.0,0.0,2017,Roberts
2017-041,1,5.0,165.0,7.0,1.0,51.0,29.0,0.0,13.0,2.0,0.0,2017,Roberts
2017-042,0,1.0,126.0,28.0,1.0,302.0,300.0,0.0,6.0,1.0,0.0,2017,Roberts
2017-043,1,3.0,251.0,5.0,1.0,83.0,28.0,0.0,12.0,1.0,0.0,2017,Roberts
2017-044,0,8.0,28.0,135.0,1.0,94.0,22.0,0.0,12.0,1.0,0.0,2017,Roberts
2017-045,1,7.0,8.0,249.0,1.0,66.0,27.0,0.0,10.0,2.0,0.0,2017,Roberts
2017-046,0,1.0,100.0,3.0,1.0,72.0,30.0,0.0,1.0,2.0,0.0,2017,Roberts
2017-047,1,1.0,126.0,27.0,1.0,122.0,25.0,0.0,2.0,1.0,0.0,2017,Roberts
2017-048,1,9.0,27.0,133.0,1.0,96.0,22.0,0.0,11.0,2.0,0.0,2017,Roberts
2017-049,1,3.0,218.0,3.0,1.0,58.0,31.0,0.0,11.0,1.0,0.0,2017,Roberts
2017-050,0,1.0,100.0,27.0,1.0,72.0,30.0,0.0,2.0,1.0,0.0,2017,Roberts
2017-051,1,1.0,215.0,7.0,1.0,59.0,31.0,0.0,12.0,1.0,0.0,2017,Roberts
2017-052,0,9.0,251.0,4.0,2.0,79.0,79.0,0.0,1.0,1.0,1.0,2017,Roberts
2017-053,1,9.0,27.0,28.0,1.0,50.0,29.0,0.0,12.0,2.0,,2017,Roberts
2017-054,1,14.0,122.0,230.0,1.0,81.0,26.0,1.0,13.0,2.0,0.0,2017,Roberts
2017-055,1,11.0,28.0,28.0,9.0,,,,1.0,,,2017,Roberts
2017-056,1,9.0,18.0,208.0,1.0,45.0,29.0,0.0,12.0,2.0,0.0,2017,Roberts
2017-057,1,12.0,231.0,27.0,1.0,66.0,27.0,1.0,2.0,2.0,0.0,2017,Roberts
2017-058,1,8.0,122.0,122.0,1.0,121.0,8.0,1.0,12.0,2.0,0.0,2017,Roberts
2017-059,1,8.0,28.0,233.0,1.0,302.0,300.0,0.0,10.0,1.0,0.0,2017,Roberts
2017-060,0,8.0,111.0,138.0,1.0,20.0,31.0,0.0,2.0,2.0,0.0,2017,Roberts
2017-061,1,1.0,126.0,27.0,1.0,121.0,25.0,0.0,2.0,1.0,0.0,2017,Roberts
2017-062,0,2.0,28.0,27.0,1.0,129.0,29.0,0.0,12.0,2.0,0.0,2017,Roberts
2017-063,1,8.0,166.0,166.0,1.0,83.0,28.0,0.0,2.0,1.0,0.0,2017,Roberts
2017-064,1,2.0,170.0,195.0,1.0,302.0,300.0,1.0,8.0,1.0,0.0,2017,Roberts
2017-065,1,9.0,27.0,100.0,1.0,51.0,29.0,1.0,12.0,2.0,0.0,2017,Roberts
2017-066,1,9.0,122.0,237.0,1.0,48.0,29.0,0.0,2.0,2.0,0.0,2017,Roberts
2017-067,1,1.0,126.0,27.0,1.0,60.0,31.0,0.0,2.0,1.0,0.0,2017,Roberts
2017-068,0,1.0,126.0,27.0,1.0,70.0,28.0,0.0,11.0,1.0,0.0,2017,Roberts
2017-069,1,13.0,119.0,405.0,1.0,32.0,32.0,0.0,2.0,3.0,0.0,2017,Roberts
2017-070,1,2.0,106.0,327.0,1.0,32.0,21.0,0.0,3.0,1.0,0.0,2017,Roberts
2017-071,0,1.0,126.0,27.0,1.0,93.0,30.0,0.0,12.0,1.0,0.0,2017,Roberts
2017-072,1,2.0,19.0,251.0,2.0,122.0,122.0,0.0,1.0,2.0,1.0,2017,Roberts
2017-073,1,9.0,123.0,233.0,1.0,94.0,22.0,0.0,2.0,1.0,0.0,2017,Roberts
2017-074,1,2.0,19.0,28.0,1.0,63.0,29.0,0.0,12.0,2.0,0.0,2017,Roberts
2017-075,1,1.0,126.0,28.0,1.0,301.0,300.0,0.0,12.0,1.0,0.0,2017,Roberts
2017-076,0,9.0,363.0,106.0,1.0,55.0,32.0,1.0,12.0,3.0,0.0,2017,Roberts
2017-077,1,2.0,28.0,251.0,2.0,99.0,99.0,0.0,1.0,,1.0,2017,Roberts
2017-078,1,2.0,227.0,3.0,1.0,72.0,30.0,0.0,12.0,1.0,0.0,2017,Roberts
2017-079,1,1.0,28.0,126.0,1.0,50.0,29.0,1.0,12.0,2.0,0.0,2017,Roberts
2018-001,0,2.0,18.0,145.0,1.0,45.0,29.0,0.0,2.0,2.0,0.0,2018,Roberts
2018-002,1,8.0,195.0,326.0,1.0,75.0,25.0,1.0,11.0,2.0,0.0,2018,Roberts
2018-003,0,13.0,126.0,27.0,1.0,96.0,22.0,0.0,11.0,3.0,0.0,2018,Roberts
2018-004,1,1.0,126.0,28.0,1.0,302.0,302.0,0.0,12.0,1.0,0.0,2018,Roberts
2018-005,1,4.0,195.0,3.0,1.0,110.0,23.0,0.0,11.0,2.0,0.0,2018,Roberts
2018-006,0,7.0,245.0,145.0,1.0,80.0,21.0,0.0,7.0,2.0,0.0,2018,Roberts
2018-007,0,1.0,126.0,27.0,1.0,58.0,31.0,0.0,11.0,1.0,0.0,2018,Roberts
2018-008,1,1.0,27.0,126.0,1.0,116.0,26.0,0.0,7.0,2.0,0.0,2018,Roberts
2018-009,0,14.0,184.0,208.0,1.0,109.0,23.0,0.0,2.0,2.0,0.0,2018,Roberts
2018-010,1,2.0,422.0,106.0,1.0,50.0,29.0,0.0,2.0,2.0,0.0,2018,Roberts
2018-011,1,7.0,238.0,145.0,1.0,48.0,29.0,1.0,2.0,2.0,0.0,2018,Roberts
2018-012,1,8.0,184.0,141.0,1.0,119.0,25.0,0.0,2.0,2.0,0.0,2018,Roberts
2018-013,0,2.0,7.0,234.0,1.0,302.0,300.0,,11.0,2.0,,2018,Roberts
2018-014,1,1.0,126.0,28.0,1.0,301.0,300.0,0.0,2.0,1.0,0.0,2018,Roberts
2018-015,0,9.0,134.0,134.0,1.0,50.0,29.0,1.0,11.0,2.0,0.0,2018,Roberts
2018-016,1,9.0,152.0,600.0,1.0,55.0,32.0,1.0,2.0,1.0,0.0,2018,Roberts
2018-017,0,10.0,187.0,7.0,1.0,127.0,24.0,1.0,10.0,1.0,0.0,2018,Roberts
2018-018,1,8.0,214.0,326.0,1.0,44.0,29.0,0.0,12.0,2.0,0.0,2018,Roberts
2018-019,1,12.0,231.0,145.0,1.0,83.0,28.0,0.0,9.0,1.0,0.0,2018,Roberts
2018-020,0,1.0,215.0,7.0,1.0,87.0,28.0,1.0,11.0,1.0,0.0,2018,Roberts
2018-021,1,6.0,111.0,406.0,1.0,56.0,31.0,0.0,2.0,1.0,0.0,2018,Roberts
2018-022,1,8.0,24.0,208.0,1.0,96.0,22.0,0.0,2.0,2.0,0.0,2018,Roberts
2018-023,0,8.0,133.0,134.0,1.0,50.0,29.0,0.0,12.0,2.0,0.0,2018,Roberts
2018-024,1,10.0,143.0,208.0,1.0,92.0,23.0,0.0,9.0,2.0,0.0,2018,Roberts
2018-025,1,10.0,240.0,4.0,1.0,302.0,300.0,0.0,8.0,2.0,0.0,2018,Roberts
2018-026,1,2.0,170.0,28.0,1.0,302.0,301.0,0.0,12.0,1.0,0.0,2018,Roberts
2018-027,0,8.0,190.0,190.0,1.0,58.0,31.0,0.0,2.0,2.0,0.0,2018,Roberts
2018-028,0,1.0,126.0,27.0,1.0,43.0,31.0,0.0,11.0,1.0,,2018,Roberts
2018-029,0,8.0,119.0,405.0,1.0,32.0,32.0,1.0,2.0,2.0,0.0,2018,Roberts
2018-030,1,4.0,195.0,28.0,1.0,302.0,300.0,0.0,12.0,1.0,0.0,2018,Roberts
2018-031,1,9.0,141.0,134.0,1.0,48.0,29.0,0.0,2.0,2.0,0.0,2018,Roberts
2018-033,1,3.0,19.0,110.0,1.0,44.0,29.0,0.0,12.0,2.0,0.0,2018,Roberts
2018-034,0,2.0,140.0,406.0,1.0,81.0,26.0,0.0,2.0,1.0,0.0,2018,Roberts
2018-035,0,8.0,172.0,181.0,1.0,92.0,8.0,0.0,11.0,1.0,0.0,2018,Roberts
2018-036,1,8.0,4.0,174.0,1.0,302.0,300.0,0.0,11.0,1.0,0.0,2018,Roberts
2018-037,0,8.0,138.0,111.0,1.0,52.0,30.0,0.0,2.0,1.0,0.0,2018,Roberts
2018-038,1,8.0,208.0,409.0,1.0,42.0,31.0,0.0,11.0,1.0,0.0,2018,Roberts
2018-039,0,9.0,238.0,134.0,1.0,100.0,24.0,0.0,11.0,2.0,0.0,2018,Roberts
2018-040,0,9.0,363.0,167.0,1.0,55.0,32.0,0.0,2.0,2.0,0.0,2018,Roberts
2018-041,1,8.0,172.0,412.0,1.0,8.0,8.0,1.0,11.0,2.0,0.0,2018,Roberts
2018-042,1,9.0,140.0,406.0,1.0,73.0,26.0,0.0,2.0,1.0,0.0,2018,Roberts
2018-043,1,8.0,133.0,133.0,1.0,90.0,29.0,0.0,2.0,1.0,0.0,2018,Roberts
2018-044,1,8.0,135.0,138.0,1.0,20.0,21.0,1.0,2.0,1.0,0.0,2018,Roberts
2018-045,1,1.0,27.0,126.0,1.0,106.0,30.0,1.0,11.0,2.0,0.0,2018,Roberts
2018-047,1,3.0,124.0,190.0,1.0,96.0,22.0,1.0,2.0,2.0,0.0,2018,Roberts
2018-048,1,3.0,250.0,218.0,1.0,79.0,24.0,1.0,12.0,2.0,0.0,2018,Roberts
2018-049,0,1.0,126.0,27.0,1.0,103.0,26.0,0.0,2.0,1.0,0.0,2018,Roberts
2018-050,1,1.0,126.0,28.0,1.0,302.0,300.0,1.0,12.0,1.0,0.0,2018,Roberts
2018-052,0,8.0,216.0,4.0,1.0,117.0,26.0,1.0,2.0,2.0,0.0,2018,Roberts
2018-053,1,1.0,4.0,215.0,1.0,103.0,26.0,0.0,12.0,2.0,0.0,2018,Roberts
2018-054,1,8.0,3.0,110.0,1.0,51.0,29.0,0.0,12.0,2.0,0.0,2018,Roberts
2018-055,1,9.0,21.0,145.0,1.0,49.0,29.0,1.0,12.0,2.0,0.0,2018,Roberts
2018-056,1,1.0,229.0,28.0,1.0,302.0,300.0,1.0,12.0,1.0,,2018,Roberts
2018-057,0,9.0,17.0,251.0,2.0,126.0,126.0,1.0,1.0,2.0,1.0,2018,Roberts
2018-058,0,9.0,176.0,27.0,1.0,42.0,31.0,0.0,2.0,2.0,0.0,2018,Roberts
2018-059,1,9.0,220.0,165.0,1.0,131.0,24.0,0.0,11.0,1.0,,2018,Roberts
2018-060,1,8.0,120.0,208.0,1.0,48.0,29.0,0.0,2.0,2.0,0.0,2018,Roberts
2018-062,1,2.0,17.0,251.0,2.0,99.0,99.0,0.0,1.0,2.0,1.0,2018,Roberts
2018-063,1,9.0,250.0,414.0,1.0,6.0,8.0,0.0,11.0,1.0,0.0,2018,Roberts
2018-064,0,3.0,316.0,172.0,1.0,8.0,8.0,0.0,10.0,2.0,,2018,Roberts
2018-065,0,2.0,5.0,145.0,1.0,121.0,25.0,0.0,2.0,2.0,0.0,2018,Roberts
2018-066,1,1.0,126.0,27.0,1.0,56.0,31.0,0.0,11.0,1.0,0.0,2018,Roberts
2018-067,1,1.0,126.0,28.0,1.0,302.0,300.0,1.0,11.0,1.0,0.0,2018,Roberts
2018-068,0,9.0,316.0,28.0,1.0,96.0,96.0,0.0,10.0,2.0,0.0,2018,Roberts
2018-069,0,8.0,122.0,237.0,1.0,48.0,29.0,0.0,1.0,2.0,0.0,2018,Roberts
2018-070,1,10.0,151.0,145.0,1.0,48.0,29.0,0.0,2.0,2.0,0.0,2018,Roberts
2018-071,0,8.0,7.0,102.0,1.0,301.0,300.0,1.0,11.0,1.0,0.0,2018,Roberts
2018-072,0,4.0,27.0,126.0,1.0,120.0,25.0,1.0,2.0,2.0,0.0,2018,Roberts
2018-073,1,2.0,100.0,19.0,1.0,95.0,22.0,0.0,2.0,1.0,0.0,2018,Roberts
2018-074,1,5.0,228.0,190.0,1.0,115.0,28.0,0.0,12.0,2.0,0.0,2018,Roberts
2018-075,0,1.0,126.0,27.0,1.0,82.0,26.0,0.0,2.0,1.0,0.0,2018,Roberts
2018-076,1,8.0,138.0,135.0,1.0,20.0,29.0,0.0,11.0,1.0,0.0,2018,Roberts
2018-078,1,5.0,7.0,192.0,1.0,69.0,27.0,0.0,12.0,2.0,,2018,Roberts
2019-001,0,4.0,136.0,28.0,1.0,302.0,300.0,0.0,11.0,1.0,0.0,2019,Roberts
2019-002,1,1.0,126.0,28.0,1.0,302.0,301.0,0.0,11.0,1.0,0.0,2019,Roberts
2019-003,0,6.0,394.0,172.0,1.0,126.0,8.0,1.0,12.0,1.0,0.0,2019,Roberts
2019-004,1,2.0,145.0,5.0,1.0,60.0,31.0,0.0,2.0,1.0,0.0,2019,Roberts
2019-006,1,10.0,501.0,135.0,1.0,112.0,21.0,0.0,10.0,1.0,0.0,2019,Roberts
2019-007,0,8.0,138.0,135.0,1.0,109.0,23.0,0.0,2.0,1.0,0.0,2019,Roberts
2019-009,1,10.0,28.0,106.0,1.0,301.0,300.0,1.0,12.0,2.0,0.0,2019,Roberts
2019-010,0,2.0,106.0,327.0,1.0,30.0,31.0,0.0,2.0,1.0,0.0,2019,Roberts
2019-011,1,1.0,28.0,126.0,1.0,301.0,300.0,0.0,12.0,2.0,0.0,2019,Roberts
2019-012,0,10.0,112.0,28.0,1.0,98.0,24.0,0.0,10.0,1.0,0.0,2019,Roberts
2019-013,0,8.0,234.0,116.0,1.0,109.0,23.0,0.0,2.0,2.0,0.0,2019,Roberts
2019-015,1,8.0,5.0,150.0,1.0,63.0,29.0,0.0,2.0,2.0,0.0,2019,Roberts
2019-016,0,8.0,106.0,260.0,1.0,122.0,25.0,1.0,12.0,1.0,0.0,2019,Roberts
2019-017,0,2.0,422.0,26.0,1.0,50.0,29.0,0.0,11.0,2.0,0.0,2019,Roberts
2019-018,0,8.0,123.0,138.0,1.0,117.0,26.0,0.0,11.0,2.0,0.0,2019,Roberts
2019-019,1,2.0,124.0,246.0,1.0,48.0,29.0,0.0,2.0,2.0,0.0,2019,Roberts
2019-020,0,8.0,28.0,192.0,1.0,60.0,31.0,0.0,12.0,2.0,0.0,2019,Roberts
2019-022,1,8.0,187.0,195.0,1.0,302.0,300.0,1.0,12.0,2.0,0.0,2019,Roberts
2019-023,1,12.0,114.0,341.0,1.0,52.0,30.0,0.0,11.0,3.0,0.0,2019,Roberts
2019-024,0,8.0,146.0,230.0,1.0,50.0,29.0,0.0,2.0,2.0,0.0,2019,Roberts
2019-025,1,1.0,126.0,7.0,1.0,120.0,25.0,0.0,2.0,1.0,0.0,2019,Roberts
2019-026,1,8.0,172.0,133.0,1.0,8.0,8.0,0.0,11.0,1.0,0.0,2019,Roberts
2019-027,1,2.0,106.0,327.0,1.0,25.0,25.0,0.0,11.0,1.0,0.0,2019,Roberts
2019-028,1,1.0,126.0,27.0,1.0,122.0,25.0,0.0,2.0,1.0,,2019,Roberts
2019-029,1,8.0,171.0,27.0,1.0,3.0,8.0,1.0,12.0,2.0,0.0,2019,Roberts
2019-030,0,2.0,188.0,153.0,1.0,103.0,26.0,1.0,3.0,3.0,0.0,2019,Roberts
2019-031,0,1.0,126.0,28.0,1.0,302.0,300.0,0.0,10.0,1.0,0.0,2019,Roberts
2019-032,1,8.0,208.0,24.0,1.0,55.0,32.0,0.0,11.0,1.0,0.0,2019,Roberts
2019-033,0,8.0,173.0,113.0,1.0,83.0,28.0,0.0,12.0,1.0,0.0,2019,Roberts
2019-034,1,2.0,145.0,414.0,1.0,56.0,31.0,0.0,2.0,1.0,0.0,2019,Roberts
2019-035,1,8.0,147.0,184.0,1.0,43.0,31.0,0.0,2.0,2.0,0.0,2019,Roberts
2019-036,1,1.0,126.0,27.0,1.0,92.0,23.0,0.0,12.0,1.0,0.0,2019,Roberts
2019-037,1,8.0,184.0,184.0,1.0,96.0,22.0,0.0,2.0,1.0,0.0,2019,Roberts
2019-038,1,3.0,202.0,7.0,1.0,302.0,300.0,1.0,12.0,2.0,0.0,2019,Roberts
2019-039,1,8.0,172.0,184.0,1.0,53.0,8.0,0.0,2.0,2.0,0.0,2019,Roberts
2019-040,1,5.0,165.0,7.0,1.0,76.0,25.0,1.0,12.0,1.0,0.0,2019,Roberts
2019-041,1,8.0,410.0,150.0,1.0,24.0,24.0,0.0,12.0,2.0,0.0,2019,Roberts
2019-042,0,1.0,126.0,27.0,1.0,57.0,31.0,0.0,2.0,1.0,0.0,2019,Roberts
2019-043,1,9.0,27.0,126.0,1.0,50.0,29.0,0.0,12.0,2.0,0.0,2019,Roberts
2019-044,1,3.0,251.0,4.0,1.0,44.0,29.0,1.0,12.0,2.0,0.0,2019,Roberts
2019-045,0,1.0,211.0,19.0,1.0,96.0,22.0,0.0,11.0,1.0,0.0,2019,Roberts
2019-048,1,2.0,170.0,28.0,1.0,302.0,300.0,0.0,5.0,1.0,0.0,2019,Roberts
2019-049,0,8.0,394.0,122.0,1.0,126.0,24.0,1.0,12.0,1.0,0.0,2019,Roberts
2019-052,1,3.0,363.0,165.0,1.0,96.0,22.0,1.0,12.0,2.0,0.0,2019,Roberts
2019-054,1,3.0,130.0,145.0,1.0,48.0,29.0,0.0,12.0,1.0,0.0,2019,Roberts
2019-060,1,9.0,130.0,28.0,1.0,109.0,23.0,0.0,12.0,1.0,0.0,2019,Roberts
2019-062,0,2.0,251.0,28.0,1.0,302.0,300.0,0.0,5.0,2.0,0.0,2019,Roberts
2019-063,0,3.0,1.0,216.0,1.0,98.0,24.0,0.0,12.0,2.0,0.0,2019,Roberts
2019-064,1,10.0,130.0,230.0,1.0,301.0,300.0,1.0,12.0,3.0,0.0,2019,Roberts
2019-065,1,1.0,137.0,27.0,1.0,120.0,25.0,0.0,12.0,1.0,0.0,2019,Roberts
2019-067,1,2.0,106.0,1.0,1.0,31.0,31.0,0.0,3.0,1.0,0.0,2019,Roberts
2019-068,0,2.0,215.0,19.0,1.0,52.0,30.0,0.0,2.0,1.0,0.0,2019,Roberts
2019-069,1,2.0,126.0,28.0,1.0,302.0,300.0,0.0,12.0,1.0,0.0,2019,Roberts
2019-070,1,2.0,422.0,106.0,1.0,51.0,29.0,0.0,2.0,2.0,0.0,2019,Roberts
2019-071,1,13.0,111.0,12.0,1.0,48.0,29.0,0.0,10.0,1.0,0.0,2019,Roberts
2019-072,1,8.0,119.0,405.0,1.0,48.0,29.0,0.0,11.0,2.0,0.0,2019,Roberts
2019-073,1,2.0,7.0,251.0,1.0,52.0,30.0,0.0,5.0,1.0,0.0,2019,Roberts
2019-074,1,13.0,122.0,122.0,1.0,55.0,32.0,0.0,12.0,1.0,0.0,2019,Roberts
2019-075,0,,28.0,170.0,1.0,105.0,30.0,0.0,12.0,2.0,0.0,2019,Roberts
2019-076,0,,28.0,175.0,1.0,126.0,24.0,0.0,12.0,2.0,0.0,2019,Roberts
2020-001,0,11.0,28.0,28.0,9.0,,,,1.0,,0.0,2020,Roberts
2020-002,1,9.0,19.0,145.0,1.0,54.0,23.0,0.0,12.0,2.0,0.0,2020,Roberts
2020-003,0,3.0,19.0,130.0,1.0,96.0,22.0,1.0,12.0,2.0,0.0,2020,Roberts
2020-004,1,10.0,7.0,144.0,1.0,46.0,28.0,0.0,12.0,1.0,,2020,Roberts
2020-005,0,4.0,189.0,208.0,1.0,302.0,300.0,0.0,11.0,2.0,0.0,2020,Roberts
2020-006,1,8.0,133.0,133.0,1.0,50.0,8.0,0.0,11.0,1.0,0.0,2020,Roberts
2020-007,1,8.0,3.0,138.0,1.0,20.0,27.0,0.0,2.0,2.0,0.0,2020,Roberts
2020-008,1,1.0,27.0,186.0,1.0,,4.0,0.0,12.0,2.0,0.0,2020,Roberts
2020-009,1,1.0,208.0,19.0,1.0,93.0,30.0,0.0,12.0,1.0,0.0,2020,Roberts
2020-010,0,2.0,106.0,1.0,1.0,28.0,28.0,,2.0,1.0,0.0,2020,Roberts
2020-011,1,5.0,326.0,150.0,1.0,50.0,29.0,1.0,12.0,2.0,0.0,2020,Roberts
2020-012,1,7.0,140.0,402.0,1.0,25.0,25.0,0.0,2.0,1.0,0.0,2020,Roberts
2020-013,1,1.0,126.0,27.0,1.0,116.0,26.0,0.0,2.0,1.0,0.0,2020,Roberts
2020-014,0,1.0,126.0,28.0,1.0,302.0,301.0,0.0,9.0,1.0,0.0,2020,Roberts
2020-015,1,2.0,130.0,3.0,1.0,109.0,23.0,0.0,12.0,2.0,0.0,2020,Roberts
2020-016,1,8.0,19.0,208.0,1.0,82.0,26.0,1.0,12.0,2.0,0.0,2020,Roberts
2020-017,1,2.0,106.0,1.0,1.0,26.0,26.0,0.0,2.0,1.0,0.0,2020,Roberts
2020-018,1,9.0,28.0,28.0,1.0,120.0,25.0,0.0,12.0,2.0,0.0,2020,Roberts
2020-019,1,1.0,126.0,27.0,1.0,60.0,31.0,0.0,2.0,1.0,0.0,2020,Roberts
2020-020,0,1.0,215.0,19.0,1.0,76.0,25.0,0.0,11.0,1.0,0.0,2020,Roberts
2020-021,1,9.0,122.0,106.0,1.0,48.0,29.0,0.0,12.0,2.0,0.0,2020,Roberts
2020-022,1,12.0,122.0,369.0,1.0,116.0,26.0,1.0,12.0,2.0,0.0,2020,Roberts
2020-025,1,8.0,24.0,166.0,1.0,55.0,32.0,,,2.0,,2020,Roberts
2020-026,1,8.0,24.0,166.0,1.0,55.0,32.0,1.0,13.0,2.0,0.0,2020,Roberts
2020-027,1,8.0,133.0,174.0,1.0,50.0,29.0,0.0,2.0,2.0,0.0,2020,Roberts
2020-028,0,,184.0,141.0,1.0,119.0,25.0,,,,0.0,2020,Roberts
2020-029,1,13.0,237.0,408.0,1.0,121.0,25.0,1.0,12.0,3.0,0.0,2020,Roberts
2020-030,1,8.0,135.0,357.0,1.0,90.0,29.0,0.0,2.0,2.0,0.0,2020,Roberts
2020-031,1,2.0,368.0,106.0,1.0,126.0,24.0,1.0,2.0,2.0,0.0,2020,Roberts
2020-032,1,9.0,239.0,26.0,1.0,60.0,31.0,0.0,11.0,1.0,0.0,2020,Roberts
2020-033,1,9.0,19.0,28.0,2.0,96.0,96.0,0.0,1.0,2.0,1.0,2020,Roberts
2020-035,1,1.0,215.0,8.0,1.0,120.0,25.0,0.0,12.0,1.0,,2020,Roberts
2020-036,1,14.0,218.0,208.0,1.0,76.0,25.0,1.0,12.0,3.0,,2020,Roberts
2020-037,1,1.0,7.0,215.0,1.0,29.0,45.0,1.0,12.0,2.0,0.0,2020,Roberts
2020-038,1,8.0,338.0,134.0,1.0,23.0,23.0,1.0,12.0,2.0,0.0,2020,Roberts
2020-039,1,9.0,198.0,3.0,1.0,79.0,24.0,0.0,2.0,1.0,0.0,2020,Roberts
2020-040,0,11.0,28.0,28.0,9.0,,,,1.0,,0.0,2020,Roberts
2020-042,1,2.0,1.0,106.0,1.0,29.0,29.0,1.0,2.0,2.0,0.0,2020,Roberts
2020-043,1,1.0,126.0,28.0,1.0,302.0,301.0,0.0,4.0,1.0,0.0,2020,Roberts
2020-046,1,2.0,7.0,211.0,1.0,45.0,29.0,1.0,12.0,2.0,0.0,2020,Roberts
2020-047,1,9.0,140.0,406.0,1.0,106.0,30.0,0.0,2.0,1.0,0.0,2020,Roberts
2020-049,1,2.0,27.0,100.0,1.0,88.0,29.0,1.0,11.0,1.0,0.0,2020,Roberts
2020-051,1,4.0,152.0,249.0,1.0,49.0,29.0,1.0,12.0,2.0,0.0,2020,Roberts
2020-052,1,1.0,227.0,19.0,1.0,113.0,21.0,0.0,12.0,1.0,0.0,2020,Roberts
2020-053,1,8.0,119.0,237.0,1.0,96.0,22.0,1.0,12.0,2.0,0.0,2020,Roberts
2020-054,1,9.0,122.0,134.0,1.0,50.0,29.0,1.0,12.0,2.0,0.0,2020,Roberts
2020-055,0,8.0,192.0,239.0,1.0,50.0,29.0,0.0,11.0,2.0,0.0,2020,Roberts
2020-056,1,3.0,192.0,7.0,1.0,48.0,29.0,1.0,12.0,1.0,0.0,2020,Roberts
2020-057,0,3.0,21.0,239.0,1.0,110.0,23.0,0.0,11.0,2.0,0.0,2020,Roberts
2020-058,0,2.0,106.0,422.0,1.0,92.0,23.0,0.0,2.0,1.0,0.0,2020,Roberts
2020-059,0,9.0,3.0,133.0,1.0,122.0,25.0,0.0,12.0,1.0,0.0,2020,Roberts
2020-060,1,8.0,28.0,27.0,1.0,55.0,32.0,0.0,12.0,1.0,0.0,2020,Roberts
2020-061,1,1.0,27.0,106.0,1.0,90.0,29.0,0.0,2.0,2.0,0.0,2020,Roberts
2020-062,1,8.0,172.0,172.0,1.0,54.0,8.0,0.0,10.0,1.0,0.0,2020,Roberts
2020-064,1,8.0,198.0,198.0,1.0,30.0,30.0,0.0,11.0,2.0,0.0,2020,Roberts
2020-065,1,2.0,408.0,170.0,1.0,55.0,32.0,0.0,2.0,2.0,0.0,2020,Roberts
2020-066,0,1.0,215.0,27.0,1.0,58.0,31.0,0.0,12.0,1.0,0.0,2020,Roberts
2020-067,0,1.0,126.0,27.0,1.0,56.0,31.0,0.0,2.0,1.0,0.0,2020,Roberts
2020-068,1,4.0,148.0,28.0,1.0,92.0,23.0,0.0,11.0,1.0,,2020,Roberts
2020-070,1,1.0,7.0,215.0,1.0,117.0,26.0,1.0,12.0,2.0,0.0,2020,Roberts
2020-071,1,1.0,28.0,126.0,1.0,44.0,29.0,0.0,12.0,2.0,0.0,2020,Roberts
2020-072,1,1.0,7.0,215.0,1.0,43.0,31.0,0.0,12.0,2.0,0.0,2020,Roberts
2020-073,1,4.0,195.0,3.0,1.0,50.0,29.0,1.0,12.0,2.0,0.0,2020,Roberts
2020-074,1,4.0,202.0,3.0,1.0,86.0,28.0,0.0,12.0,1.0,0.0,2020,Roberts
2021-001,1,1.0,126.0,27.0,1.0,116.0,26.0,0.0,11.0,1.0,0.0,2021,Roberts
2021-002,0,11.0,28.0,28.0,9.0,,,,1.0,,0.0,2021,Roberts
2021-003,1,1.0,19.0,126.0,1.0,82.0,26.0,1.0,2.0,2.0,0.0,2021,Roberts
2021-004,1,1.0,126.0,28.0,1.0,302.0,300.0,0.0,12.0,1.0,0.0,2021,Roberts
2021-005,1,5.0,27.0,215.0,1.0,128.0,29.0,1.0,11.0,2.0,0.0,2021,Roberts
2021-006,1,9.0,19.0,165.0,1.0,74.0,26.0,1.0,11.0,1.0,0.0,2021,Roberts
2021-007,1,2.0,110.0,19.0,1.0,94.0,22.0,0.0,2.0,1.0,0.0,2021,Roberts
2021-008,1,1.0,27.0,126.0,1.0,80.0,21.0,0.0,12.0,2.0,0.0,2021,Roberts
2021-009,0,9.0,145.0,406.0,1.0,82.0,26.0,0.0,2.0,1.0,0.0,2021,Roberts
2021-010,1,1.0,7.0,215.0,1.0,45.0,29.0,1.0,12.0,2.0,0.0,2021,Roberts
2021-011,1,3.0,26.0,19.0,1.0,121.0,25.0,1.0,11.0,2.0,0.0,2021,Roberts
2021-012,1,7.0,145.0,151.0,1.0,75.0,25.0,0.0,2.0,1.0,0.0,2021,Roberts
2021-013,1,1.0,207.0,7.0,1.0,95.0,22.0,0.0,12.0,2.0,0.0,2021,Roberts
2021-014,1,2.0,335.0,174.0,1.0,48.0,29.0,1.0,11.0,2.0,0.0,2021,Roberts
2021-015,1,8.0,112.0,238.0,1.0,48.0,29.0,0.0,12.0,2.0,0.0,2021,Roberts
2021-016,1,2.0,27.0,140.0,1.0,112.0,21.0,0.0,12.0,2.0,0.0,2021,Roberts
2021-017,1,3.0,3.0,101.0,1.0,122.0,25.0,0.0,12.0,2.0,0.0,2021,Roberts
2021-018,1,2.0,368.0,106.0,1.0,110.0,23.0,0.0,12.0,2.0,0.0,2021,Roberts
2021-019,1,5.0,7.0,165.0,1.0,85.0,25.0,0.0,11.0,2.0,0.0,2021,Roberts
2021-020,1,8.0,145.0,232.0,1.0,66.0,27.0,0.0,12.0,1.0,0.0,2021,Roberts
2021-021,0,2.0,140.0,165.0,1.0,120.0,25.0,0.0,12.0,1.0,0.0,2021,Roberts
2021-022,1,2.0,327.0,106.0,1.0,50.0,29.0,1.0,11.0,2.0,0.0,2021,Roberts
2021-023,0,2.0,106.0,327.0,1.0,31.0,31.0,,2.0,1.0,0.0,2021,Roberts
2021-024,1,3.0,130.0,7.0,1.0,78.0,21.0,0.0,12.0,2.0,0.0,2021,Roberts
2021-025,1,8.0,167.0,363.0,1.0,55.0,32.0,1.0,12.0,2.0,0.0,2021,Roberts
2021-026,0,8.0,174.0,7.0,1.0,57.0,31.0,1.0,5.0,1.0,0.0,2021,Roberts
2021-027,1,8.0,363.0,165.0,1.0,128.0,29.0,0.0,2.0,1.0,0.0,2021,Roberts
2021-029,0,1.0,27.0,126.0,1.0,126.0,24.0,0.0,2.0,2.0,0.0,2021,Roberts
2021-030,1,3.0,126.0,19.0,1.0,121.0,25.0,1.0,11.0,1.0,0.0,2021,Roberts
2021-031,1,2.0,8.0,110.0,1.0,50.0,29.0,1.0,12.0,2.0,0.0,2021,Roberts
2021-032,1,2.0,3.0,102.0,1.0,105.0,30.0,0.0,12.0,2.0,0.0,2021,Roberts
2021-033,0,9.0,165.0,16.0,1.0,122.0,25.0,0.0,12.0,2.0,0.0,2021,Roberts
2021-034,0,10.0,27.0,28.0,1.0,122.0,25.0,0.0,12.0,1.0,0.0,2021,Roberts
2021-035,1,8.0,207.0,371.0,12.0,26.0,26.0,1.0,1.0,2.0,0.0,2021,Roberts
2021-036,1,8.0,19.0,28.0,12.0,86.0,28.0,1.0,1.0,1.0,0.0,2021,Roberts
2021-037,1,12.0,111.0,369.0,1.0,9.0,28.0,0.0,12.0,2.0,0.0,2021,Roberts
2021-038,1,14.0,195.0,24.0,1.0,48.0,29.0,0.0,2.0,1.0,0.0,2021,Roberts
2021-039,1,3.0,130.0,3.0,1.0,80.0,21.0,0.0,11.0,1.0,0.0,2021,Roberts
2021-040,0,3.0,343.0,23.0,2.0,55.0,55.0,0.0,1.0,1.0,1.0,2021,Roberts
2021-041,1,1.0,137.0,27.0,1.0,80.0,21.0,1.0,2.0,1.0,0.0,2021,Roberts
2021-042,0,1.0,126.0,27.0,1.0,52.0,30.0,0.0,12.0,1.0,0.0,2021,Roberts
2021-043,1,2.0,170.0,28.0,1.0,122.0,25.0,0.0,11.0,1.0,0.0,2021,Roberts
2021-044,0,,,,1.0,50.0,29.0,,,,0.0,2021,Roberts
2021-045,1,8.0,28.0,333.0,1.0,32.0,32.0,0.0,12.0,2.0,0.0,2021,Roberts
2021-046,1,1.0,206.0,27.0,1.0,43.0,31.0,0.0,11.0,1.0,0.0,2021,Roberts
2021-047,1,8.0,171.0,180.0,1.0,104.0,26.0,1.0,2.0,2.0,0.0,2021,Roberts
2021-048,1,8.0,19.0,208.0,1.0,129.0,29.0,1.0,12.0,2.0,0.0,2021,Roberts
2021-049,1,10.0,186.0,7.0,1.0,302.0,301.0,,11.0,1.0,0.0,2021,Roberts
2021-050,0,,231.0,,1.0,27.0,67.0,,,1.0,0.0,2021,Roberts
2021-051,1,2.0,188.0,153.0,1.0,94.0,22.0,0.0,11.0,1.0,0.0,2021,Roberts
2021-053,1,7.0,151.0,145.0,1.0,302.0,301.0,0.0,12.0,2.0,0.0,2021,Roberts
2021-055,0,2.0,250.0,414.0,1.0,6.0,8.0,0.0,12.0,1.0,0.0,2021,Roberts
2021-056,1,2.0,17.0,207.0,1.0,99.0,24.0,1.0,2.0,1.0,0.0,2021,Roberts
2021-057,0,7.0,104.0,145.0,1.0,66.0,27.0,0.0,2.0,2.0,0.0,2021,Roberts
2021-058,1,7.0,145.0,151.0,1.0,71.0,28.0,1.0,2.0,1.0,0.0,2021,Roberts
2021-059,1,8.0,122.0,122.0,1.0,81.0,26.0,0.0,2.0,2.0,0.0,2021,Roberts
2021-060,1,10.0,27.0,28.0,1.0,128.0,29.0,0.0,11.0,1.0,,2021,Roberts
2021-061,1,3.0,8.0,21.0,1.0,129.0,29.0,1.0,12.0,2.0,0.0,2021,Roberts
2021-062,0,10.0,28.0,126.0,1.0,302.0,300.0,,11.0,2.0,0.0,2021,Roberts
2021-063,1,1.0,215.0,4.0,1.0,60.0,31.0,1.0,12.0,1.0,0.0,2021,Roberts
2021-064,1,8.0,114.0,327.0,1.0,20.0,24.0,1.0,2.0,1.0,0.0,2021,Roberts
2021-066,1,1.0,110.0,5.0,1.0,48.0,29.0,0.0,12.0,2.0,0.0,2021,Roberts
2021-067,1,1.0,19.0,215.0,1.0,104.0,26.0,1.0,12.0,2.0,0.0,2021,Roberts
2021-068,0,9.0,126.0,27.0,1.0,58.0,31.0,0.0,2.0,1.0,0.0,2021,Roberts
2021-069,1,2.0,422.0,28.0,1.0,120.0,25.0,0.0,12.0,1.0,0.0,2021,Roberts
2022-001,1,8.0,195.0,333.0,1.0,64.0,29.0,0.0,11.0,2.0,0.0,2022,Roberts
2022-002,0,11.0,28.0,28.0,9.0,,,,1.0,,0.0,2022,Roberts
2022-003,0,2.0,250.0,414.0,1.0,6.0,8.0,0.0,7.0,1.0,0.0,2022,Roberts
2022-004,0,2.0,7.0,251.0,2.0,42.0,42.0,0.0,1.0,2.0,1.0,2022,Roberts
2022-005,1,1.0,215.0,19.0,1.0,122.0,25.0,0.0,2.0,1.0,0.0,2022,Roberts
2022-006,0,8.0,158.0,7.0,1.0,51.0,29.0,0.0,11.0,2.0,0.0,2022,Roberts
2022-007,0,8.0,102.0,112.0,1.0,96.0,22.0,0.0,12.0,1.0,0.0,2022,Roberts
2022-008,0,7.0,151.0,145.0,1.0,121.0,25.0,1.0,12.0,2.0,0.0,2022,Roberts
2022-009,1,2.0,207.0,232.0,1.0,80.0,21.0,0.0,12.0,2.0,0.0,2022,Roberts
2022-011,1,10.0,215.0,28.0,1.0,302.0,300.0,0.0,11.0,1.0,0.0,2022,Roberts
2022-012,0,1.0,126.0,19.0,1.0,46.0,28.0,0.0,2.0,1.0,0.0,2022,Roberts
2022-013,1,12.0,240.0,27.0,1.0,119.0,25.0,0.0,2.0,2.0,0.0,2022,Roberts
2022-015,1,9.0,122.0,357.0,1.0,45.0,29.0,1.0,2.0,1.0,0.0,2022,Roberts
2022-016,1,4.0,230.0,231.0,1.0,302.0,300.0,0.0,6.0,1.0,0.0,2022,Roberts
2022-017,0,2.0,167.0,204.0,1.0,68.0,27.0,0.0,12.0,2.0,0.0,2022,Roberts
2022-018,0,2.0,326.0,202.0,1.0,120.0,25.0,1.0,12.0,1.0,0.0,2022,Roberts
2022-019,1,2.0,122.0,4.0,1.0,52.0,30.0,1.0,12.0,2.0,0.0,2022,Roberts
2022-020,0,8.0,138.0,135.0,1.0,20.0,29.0,0.0,7.0,1.0,0.0,2022,Roberts
2022-021,0,8.0,27.0,165.0,1.0,109.0,23.0,0.0,2.0,1.0,0.0,2022,Roberts
2022-022,1,1.0,126.0,27.0,1.0,96.0,22.0,0.0,11.0,1.0,0.0,2022,Roberts
2022-023,1,8.0,195.0,27.0,1.0,88.0,29.0,0.0,2.0,1.0,0.0,2022,Roberts
2022-024,1,1.0,126.0,27.0,1.0,96.0,22.0,0.0,11.0,1.0,0.0,2022,Roberts
2022-025,1,8.0,235.0,114.0,1.0,96.0,22.0,0.0,2.0,2.0,0.0,2022,Roberts
2022-026,0,2.0,17.0,251.0,1.0,302.0,300.0,0.0,12.0,2.0,0.0,2022,Roberts
2022-027,0,,501.0,501.0,1.0,48.0,29.0,,13.0,,0.0,2022,Roberts
2022-028,0,7.0,8.0,347.0,1.0,26.0,26.0,0.0,11.0,2.0,0.0,2022,Roberts
2022-030,1,7.0,151.0,249.0,1.0,301.0,300.0,0.0,11.0,2.0,0.0,2022,Roberts
2022-031,1,13.0,4.0,190.0,1.0,112.0,21.0,1.0,12.0,2.0,0.0,2022,Roberts
2022-032,1,1.0,24.0,27.0,1.0,96.0,22.0,0.0,12.0,1.0,0.0,2022,Roberts
2022-033,1,2.0,106.0,1.0,1.0,25.0,25.0,1.0,2.0,1.0,0.0,2022,Roberts
2022-034,1,2.0,140.0,21.0,1.0,82.0,26.0,0.0,3.0,1.0,0.0,2022,Roberts
2022-035,0,8.0,208.0,133.0,1.0,50.0,29.0,0.0,11.0,1.0,0.0,2022,Roberts
2022-036,1,8.0,133.0,208.0,1.0,50.0,29.0,0.0,11.0,2.0,0.0,2022,Roberts
2022-037,1,1.0,126.0,27.0,1.0,122.0,25.0,1.0,2.0,1.0,0.0,2022,Roberts
2022-038,1,8.0,19.0,28.0,1.0,86.0,81.0,0.0,12.0,2.0,0.0,2022,Roberts
2022-039,1,9.0,330.0,214.0,1.0,120.0,120.0,0.0,12.0,1.0,0.0,2022,Roberts
2022-040,1,11.0,28.0,28.0,9.0,,,,1.0,,0.0,2022,Roberts
2022-041,1,3.0,27.0,126.0,1.0,49.0,29.0,1.0,12.0,2.0,0.0,2022,Roberts
2022-042,1,2.0,28.0,170.0,1.0,45.0,29.0,0.0,12.0,2.0,0.0,2022,Roberts
2022-043,1,8.0,119.0,173.0,1.0,50.0,29.0,0.0,2.0,2.0,0.0,2022,Roberts
2022-044,1,8.0,159.0,172.0,1.0,107.0,30.0,0.0,2.0,1.0,0.0,2022,Roberts
2022-045,1,8.0,172.0,184.0,1.0,45.0,29.0,0.0,11.0,2.0,0.0,2022,Roberts
2022-046,0,8.0,172.0,172.0,1.0,54.0,8.0,0.0,12.0,2.0,0.0,2022,Roberts
2022-047,1,1.0,126.0,27.0,1.0,96.0,22.0,0.0,2.0,1.0,0.0,2022,Roberts
2022-048,0,1.0,126.0,27.0,1.0,57.0,31.0,0.0,11.0,1.0,0.0,2022,Roberts
2022-049,0,1.0,126.0,27.0,1.0,96.0,22.0,0.0,11.0,1.0,0.0,2022,Roberts
2022-050,0,12.0,240.0,369.0,1.0,81.0,26.0,1.0,2.0,2.0,0.0,2022,Roberts
2022-051,1,8.0,133.0,237.0,1.0,50.0,29.0,1.0,2.0,2.0,0.0,2022,Roberts
2022-052,0,2.0,106.0,1.0,1.0,24.0,24.0,0.0,2.0,1.0,0.0,2022,Roberts
2022-053,1,2.0,145.0,412.0,1.0,109.0,23.0,1.0,12.0,1.0,0.0,2022,Roberts
2022-054,1,8.0,180.0,144.0,1.0,65.0,27.0,0.0,11.0,1.0,0.0,2022,Roberts
2022-055,1,3.0,126.0,28.0,1.0,302.0,301.0,0.0,4.0,1.0,0.0,2022,Roberts
2022-056,0,8.0,170.0,114.0,1.0,20.0,21.0,1.0,2.0,2.0,0.0,2022,Roberts
2022-057,1,9.0,19.0,110.0,1.0,79.0,24.0,0.0,2.0,2.0,0.0,2022,Roberts
2022-058,0,8.0,137.0,193.0,1.0,48.0,29.0,0.0,2.0,2.0,0.0,2022,Roberts
2022-059,1,4.0,138.0,5.0,1.0,83.0,28.0,0.0,12.0,2.0,0.0,2022,Roberts
2022-061,1,8.0,113.0,341.0,1.0,26.0,26.0,0.0,12.0,2.0,0.0,2022,Roberts
2022-062,1,9.0,27.0,28.0,1.0,121.0,25.0,0.0,12.0,1.0,0.0,2022,Roberts
2023-001,0,1.0,126.0,27.0,1.0,71.0,28.0,0.0,2.0,1.0,0.0,2023,Roberts
2023-002,1,13.0,12.0,135.0,1.0,122.0,25.0,0.0,11.0,1.0,0.0,2023,Roberts
2023-003,1,9.0,214.0,122.0,1.0,78.0,21.0,0.0,2.0,2.0,0.0,2023,Roberts
2023-004,1,2.0,145.0,119.0,1.0,96.0,22.0,0.0,2.0,1.0,0.0,2023,Roberts
2023-005,1,14.0,171.0,174.0,1.0,109.0,23.0,0.0,2.0,3.0,0.0,2023,Roberts
2023-006,1,2.0,28.0,223.0,2.0,114.0,114.0,0.0,1.0,2.0,1.0,2023,Roberts
2023-007,0,4.0,195.0,28.0,1.0,43.0,31.0,0.0,2.0,1.0,0.0,2023,Roberts
2023-008,1,3.0,218.0,211.0,1.0,81.0,26.0,0.0,2.0,1.0,0.0,2023,Roberts
2023-009,1,3.0,211.0,218.0,1.0,51.0,29.0,0.0,2.0,2.0,0.0,2023,Roberts
2023-010,1,3.0,394.0,172.0,1.0,8.0,8.0,0.0,11.0,2.0,0.0,2023,Roberts
2023-011,0,8.0,304.0,138.0,1.0,109.0,23.0,0.0,2.0,2.0,0.0,2023,Roberts
2023-012,1,1.0,27.0,100.0,1.0,120.0,25.0,0.0,12.0,1.0,0.0,2023,Roberts
2023-013,1,2.0,250.0,414.0,1.0,6.0,8.0,0.0,12.0,1.0,1.0,2023,Roberts
2023-014,1,2.0,155.0,3.0,1.0,86.0,28.0,0.0,2.0,1.0,0.0,2023,Roberts
2023-015,1,8.0,157.0,316.0,1.0,55.0,32.0,1.0,11.0,2.0,0.0,2023,Roberts
2023-016,1,2.0,106.0,327.0,1.0,23.0,23.0,0.0,2.0,1.0,0.0,2023,Roberts
2023-017,0,2.0,106.0,1.0,1.0,25.0,25.0,0.0,11.0,1.0,0.0,2023,Roberts
2023-018,1,1.0,126.0,28.0,1.0,302.0,300.0,0.0,12.0,1.0,0.0,2023,Roberts
2023-019,0,12.0,173.0,27.0,1.0,129.0,29.0,0.0,12.0,2.0,0.0,2023,Roberts
2023-020,0,8.0,405.0,119.0,1.0,25.0,25.0,1.0,12.0,1.0,0.0,2023,Roberts
2023-021,0,1.0,126.0,27.0,1.0,110.0,23.0,0.0,12.0,1.0,0.0,2023,Roberts
2023-022,1,8.0,102.0,114.0,1.0,20.0,22.0,1.0,2.0,1.0,0.0,2023,Roberts
2023-023,1,2.0,211.0,251.0,1.0,302.0,300.0,1.0,11.0,1.0,0.0,2023,Roberts
2023-024,0,9.0,335.0,130.0,1.0,108.0,29.0,0.0,2.0,2.0,0.0,2023,Roberts
2023-025,1,4.0,195.0,5.0,1.0,302.0,301.0,0.0,6.0,2.0,0.0,2023,Roberts
2023-026,1,8.0,327.0,114.0,1.0,20.0,30.0,0.0,11.0,2.0,0.0,2023,Roberts
2023-027,1,1.0,137.0,28.0,1.0,302.0,301.0,0.0,13.0,1.0,0.0,2023,Roberts
2023-028,1,8.0,122.0,173.0,1.0,96.0,22.0,0.0,2.0,2.0,0.0,2023,Roberts
2023-029,1,4.0,195.0,28.0,1.0,121.0,25.0,0.0,11.0,2.0,0.0,2023,Roberts
2023-032,1,8.0,122.0,354.0,1.0,101.0,28.0,0.0,2.0,2.0,0.0,2023,Roberts
2023-033,1,7.0,145.0,122.0,1.0,53.0,22.0,1.0,2.0,1.0,0.0,2023,Roberts
2023-034,1,8.0,28.0,333.0,12.0,32.0,32.0,0.0,1.0,2.0,0.0,2023,Roberts
2023-035,0,8.0,220.0,112.0,1.0,58.0,31.0,0.0,2.0,2.0,0.0,2023,Roberts
2023-037,0,1.0,126.0,27.0,1.0,96.0,22.0,0.0,11.0,1.0,0.0,2023,Roberts
2023-038,1,10.0,138.0,113.0,1.0,94.0,22.0,0.0,12.0,2.0,0.0,2023,Roberts
2023-039,0,1.0,1.0,214.0,1.0,122.0,25.0,1.0,2.0,1.0,0.0,2023,Roberts
2023-040,0,8.0,119.0,173.0,1.0,50.0,29.0,0.0,11.0,2.0,0.0,2023,Roberts
2023-041,1,9.0,363.0,28.0,1.0,77.0,25.0,0.0,12.0,2.0,0.0,2023,Roberts
2023-042,1,3.0,192.0,7.0,1.0,95.0,22.0,0.0,11.0,1.0,0.0,2023,Roberts
2023-043,0,1.0,126.0,27.0,1.0,51.0,29.0,0.0,12.0,1.0,0.0,2023,Roberts
2023-044,1,8.0,171.0,184.0,1.0,100.0,24.0,0.0,11.0,2.0,0.0,2023,Roberts
2023-045,1,3.0,211.0,3.0,1.0,122.0,25.0,0.0,13.0,1.0,0.0,2023,Roberts
2023-046,1,11.0,28.0,28.0,9.0,,,,1.0,,0.0,2023,Roberts
2023-047,0,2.0,363.0,170.0,1.0,45.0,29.0,0.0,12.0,2.0,0.0,2023,Roberts
2023-048,1,9.0,145.0,324.0,1.0,8.0,8.0,0.0,11.0,1.0,0.0,2023,Roberts
2023-049,1,5.0,340.0,165.0,1.0,120.0,25.0,0.0,11.0,1.0,0.0,2023,Roberts
2023-050,1,1.0,137.0,27.0,1.0,69.0,27.0,0.0,11.0,1.0,0.0,2023,Roberts
2023-051,0,12.0,240.0,27.0,1.0,86.0,28.0,0.0,11.0,2.0,0.0,2023,Roberts
2023-052,1,8.0,211.0,27.0,1.0,68.0,27.0,0.0,2.0,2.0,0.0,2023,Roberts
2023-053,1,2.0,100.0,3.0,1.0,103.0,26.0,0.0,2.0,1.0,0.0,2023,Roberts
2023-054,1,1.0,218.0,27.0,1.0,55.0,32.0,1.0,12.0,2.0,0.0,2023,Roberts
2023-055,1,1.0,7.0,215.0,1.0,45.0,29.0,1.0,11.0,2.0,0.0,2023,Roberts
2023-056,1,1.0,3.0,212.0,1.0,108.0,29.0,1.0,10.0,2.0,0.0,2023,Roberts
2023-057,1,7.0,145.0,151.0,1.0,45.0,29.0,0.0,2.0,1.0,0.0,2023,Roberts
2023-058,1,2.0,328.0,253.0,1.0,48.0,29.0,1.0,3.0,2.0,0.0,2023,Roberts
2023-059,1,7.0,122.0,382.0,1.0,118.0,26.0,0.0,3.0,2.0,0.0,2023,Roberts
2023-060,0,5.0,17.0,27.0,1.0,64.0,29.0,0.0,12.0,2.0,0.0,2023,Roberts
2023-061,1,1.0,100.0,27.0,1.0,55.0,32.0,0.0,11.0,1.0,0.0,2023,Roberts
2023-062,1,3.0,7.0,216.0,1.0,57.0,31.0,0.0,2.0,2.0,0.0,2023,Roberts
2024-001,0,9.0,106.0,422.0,1.0,56.0,31.0,0.0,2.0,1.0,0.0,2024,Roberts
2024-002,0,8.0,184.0,174.0,1.0,97.0,22.0,0.0,2.0,2.0,0.0,2024,Roberts
2024-003,1,8.0,340.0,184.0,1.0,,25.0,1.0,12.0,1.0,0.0,2024,Roberts
2024-004,1,1.0,248.0,7.0,1.0,302.0,300.0,1.0,12.0,1.0,0.0,2024,Roberts
2024-005,1,1.0,327.0,184.0,1.0,120.0,25.0,0.0,11.0,1.0,0.0,2024,Roberts
2024-006,1,6.0,4.0,177.0,1.0,127.0,24.0,1.0,11.0,2.0,0.0,2024,Roberts
2024-007,1,4.0,215.0,28.0,1.0,302.0,300.0,0.0,11.0,1.0,0.0,2024,Roberts
2024-008,1,8.0,3.0,333.0,1.0,29.0,29.0,1.0,11.0,2.0,0.0,2024,Roberts
2024-009,0,9.0,250.0,414.0,1.0,6.0,8.0,0.0,11.0,1.0,0.0,2024,Roberts
2024-010,0,8.0,205.0,27.0,1.0,132.0,27.0,0.0,2.0,2.0,0.0,2024,Roberts
2024-011,0,8.0,167.0,363.0,1.0,55.0,32.0,0.0,12.0,1.0,0.0,2024,Roberts
2024-012,1,7.0,141.0,145.0,1.0,79.0,24.0,0.0,2.0,2.0,0.0,2024,Roberts
2024-013,0,9.0,133.0,113.0,1.0,50.0,29.0,,1.0,,,2024,Roberts
2024-014,1,2.0,106.0,1.0,1.0,,30.0,0.0,11.0,1.0,,2024,Roberts
2024-015,0,1.0,126.0,27.0,1.0,96.0,22.0,0.0,11.0,1.0,0.0,2024,Roberts
2024-016,0,9.0,,,1.0,,29.0,,,,,2024,Roberts
2024-017,1,8.0,27.0,114.0,1.0,123.0,30.0,0.0,2.0,2.0,0.0,2024,Roberts
2024-018,1,8.0,24.0,166.0,1.0,55.0,32.0,0.0,11.0,2.0,0.0,2024,Roberts
2024-019,0,2.0,27.0,7.0,1.0,117.0,26.0,1.0,11.0,1.0,0.0,2024,Roberts
2024-020,0,1.0,120.0,27.0,1.0,109.0,23.0,0.0,2.0,1.0,0.0,2024,Roberts
2024-021,1,8.0,145.0,329.0,1.0,,8.0,0.0,12.0,1.0,0.0,2024,Roberts
2024-022,1,8.0,5.0,5.0,1.0,,32.0,0.0,12.0,2.0,0.0,2024,Roberts
2024-023,1,8.0,139.0,172.0,1.0,126.0,24.0,1.0,12.0,1.0,0.0,2024,Roberts
2024-024,1,1.0,126.0,27.0,1.0,120.0,25.0,0.0,11.0,1.0,0.0,2024,Roberts
2024-026,0,2.0,230.0,3.0,1.0,56.0,31.0,0.0,3.0,1.0,0.0,2024,Roberts
2024-027,1,1.0,126.0,27.0,1.0,66.0,27.0,0.0,11.0,1.0,0.0,2024,Roberts
2024-028,1,9.0,145.0,198.0,1.0,52.0,30.0,0.0,11.0,1.0,0.0,2024,Roberts
2024-029,0,3.0,207.0,7.0,1.0,122.0,25.0,1.0,11.0,1.0,0.0,2024,Roberts
2024-030,0,9.0,340.0,184.0,1.0,25.0,25.0,1.0,12.0,1.0,0.0,2024,Roberts
2024-031,1,9.0,181.0,165.0,1.0,50.0,29.0,0.0,11.0,2.0,0.0,2024,Roberts
2024-032,1,1.0,208.0,19.0,1.0,121.0,25.0,0.0,11.0,1.0,0.0,2024,Roberts
2024-033,1,8.0,145.0,146.0,1.0,96.0,22.0,0.0,11.0,1.0,0.0,2024,Roberts
2024-034,1,4.0,126.0,5.0,1.0,121.0,25.0,1.0,11.0,1.0,0.0,2024,Roberts
2024-035,1,1.0,137.0,27.0,1.0,103.0,26.0,0.0,2.0,1.0,0.0,2024,Roberts
2024-036,0,1.0,8.0,215.0,1.0,82.0,26.0,0.0,2.0,2.0,0.0,2024,Roberts
2024-037,1,2.0,145.0,7.0,1.0,104.0,26.0,0.0,2.0,2.0,0.0,2024,Roberts
2024-038,1,9.0,205.0,205.0,1.0,129.0,29.0,0.0,11.0,1.0,0.0,2024,Roberts
2024-039,1,9.0,113.0,208.0,1.0,94.0,22.0,0.0,12.0,2.0,0.0,2024,Roberts
2024-040,1,8.0,184.0,24.0,1.0,80.0,21.0,0.0,12.0,2.0,0.0,2024,Roberts
2024-041,1,9.0,385.0,28.0,1.0,25.0,25.0,0.0,12.0,2.0,0.0,2024,Roberts
2024-043,1,9.0,28.0,333.0,1.0,30.0,30.0,0.0,3.0,2.0,0.0,2024,Roberts
2024-045,1,9.0,333.0,198.0,1.0,25.0,25.0,1.0,11.0,1.0,0.0,2024,Roberts
2024-046,1,2.0,106.0,1.0,1.0,24.0,24.0,0.0,2.0,2.0,0.0,2024,Roberts
2024-048,1,8.0,338.0,207.0,1.0,25.0,25.0,0.0,12.0,1.0,0.0,2024,Roberts
2024-049,0,3.0,133.0,327.0,7.0,32.0,32.0,0.0,11.0,1.0,0.0,2024,Roberts
2024-050,0,8.0,184.0,134.0,1.0,302.0,28.0,0.0,2.0,2.0,0.0,2024,Roberts
2024-051,1,3.0,130.0,4.0,1.0,302.0,300.0,1.0,11.0,1.0,0.0,2024,Roberts
2024-052,0,1.0,126.0,7.0,1.0,120.0,25.0,0.0,2.0,1.0,0.0,2024,Roberts
2024-053,1,4.0,166.0,600.0,1.0,96.0,22.0,0.0,13.0,2.0,0.0,2024,Roberts
2024-054,1,2.0,7.0,165.0,1.0,114.0,24.0,0.0,12.0,2.0,0.0,2024,Roberts
2024-055,1,8.0,363.0,122.0,1.0,120.0,25.0,0.0,11.0,1.0,0.0,2024,Roberts
2024-056,1,9.0,215.0,27.0,1.0,130.0,24.0,1.0,3.0,1.0,,2024,Roberts
2024-057,1,12.0,369.0,240.0,1.0,9.0,23.0,0.0,2.0,1.0,0.0,2024,Roberts
2024-058,1,3.0,202.0,21.0,1.0,79.0,24.0,1.0,12.0,2.0,0.0,2024,Roberts
2024-059,1,9.0,148.0,333.0,1.0,32.0,32.0,0.0,11.0,1.0,0.0,2024,Roberts
2024-060,1,2.0,250.0,27.0,1.0,121.0,8.0,1.0,11.0,1.0,0.0,2024,Roberts
2024-061,1,2.0,239.0,21.0,1.0,83.0,28.0,0.0,2.0,1.0,0.0,2024,Roberts
2024-062,1,8.0,202.0,27.0,1.0,60.0,31.0,0.0,12.0,1.0,,2024,Roberts
2024-063,0,9.0,,,1.0,,29.0,,,,,2024,Roberts
2024-064,0,,,,1.0,,300.0,,,,,2024,Roberts
2024-065,1,9.0,19.0,207.0,12.0,79.0,24.0,0.0,1.0,3.0,0.0,2024,Roberts
2024-066,1,1.0,4.0,137.0,1.0,302.0,31.0,0.0,13.0,2.0,0.0,2024,Roberts
2024-067,1,1.0,137.0,19.0,1.0,302.0,30.0,1.0,12.0,1.0,0.0,2024,Roberts
2024-068,1,8.0,336.0,215.0,1.0,127.0,24.0,1.0,12.0,2.0,0.0,2024,Roberts
2025-001,1,1.0,137.0,28.0,1.0,302.0,300.0,1.0,12.0,1.0,0.0,2025,Roberts
2025-002,1,1.0,5.0,137.0,1.0,79.0,24.0,1.0,12.0,2.0,0.0,2025,Roberts
2025-003,1,10.0,204.0,165.0,1.0,302.0,301.0,0.0,12.0,1.0,0.0,2025,Roberts
2025-004,1,1.0,215.0,27.0,1.0,58.0,31.0,0.0,2.0,1.0,0.0,2025,Roberts
2025-005,1,2.0,211.0,4.0,1.0,66.0,27.0,1.0,12.0,1.0,0.0,2025,Roberts
2025-006,0,1.0,126.0,28.0,1.0,302.0,300.0,1.0,9.0,1.0,0.0,2025,Roberts
2025-007,1,1.0,126.0,27.0,1.0,96.0,22.0,0.0,2.0,1.0,0.0,2025,Roberts
2025-008,0,8.0,138.0,114.0,1.0,20.0,26.0,0.0,2.0,2.0,0.0,2025,Roberts
2025-009,1,1.0,126.0,27.0,1.0,87.0,28.0,0.0,12.0,1.0,0.0,2025,Roberts
2025-010,1,9.0,208.0,206.0,1.0,54.0,23.0,0.0,12.0,1.0,0.0,2025,Roberts
2025-011,0,1.0,137.0,28.0,1.0,302.0,300.0,0.0,9.0,1.0,0.0,2025,Roberts
2025-012,1,3.0,165.0,7.0,1.0,52.0,30.0,1.0,2.0,2.0,0.0,2025,Roberts
2025-013,1,8.0,412.0,195.0,1.0,120.0,25.0,0.0,2.0,2.0,0.0,2025,Roberts
2025-014,0,2.0,28.0,251.0,2.0,77.0,77.0,1.0,1.0,1.0,1.0,2025,Roberts
2025-015,1,1.0,137.0,27.0,1.0,48.0,29.0,0.0,2.0,1.0,0.0,2025,Roberts
2025-016,1,8.0,208.0,122.0,1.0,114.0,24.0,0.0,11.0,1.0,0.0,2025,Roberts
2025-017,0,9.0,158.0,208.0,1.0,121.0,25.0,0.0,2.0,2.0,0.0,2025,Roberts
2025-018,1,13.0,240.0,19.0,1.0,55.0,32.0,0.0,12.0,1.0,0.0,2025,Roberts
2025-019,0,9.0,176.0,110.0,1.0,52.0,30.0,0.0,11.0,2.0,0.0,2025,Roberts
2025-020,0,8.0,130.0,7.0,1.0,76.0,25.0,0.0,12.0,1.0,0.0,2025,Roberts
2025-021,0,1.0,126.0,27.0,1.0,109.0,23.0,0.0,2.0,1.0,0.0,2025,Roberts
2025-022,0,1.0,126.0,27.0,1.0,96.0,22.0,0.0,2.0,1.0,0.0,2025,Roberts
2025-023,0,2.0,106.0,1.0,1.0,21.0,21.0,0.0,13.0,1.0,0.0,2025,Roberts
2025-024,1,8.0,133.0,112.0,1.0,126.0,24.0,0.0,12.0,1.0,0.0,2025,Roberts
2025-025,1,9.0,130.0,7.0,1.0,92.0,23.0,1.0,12.0,1.0,0.0,2025,Roberts
2025-026,1,3.0,218.0,3.0,1.0,85.0,25.0,1.0,11.0,1.0,0.0,2025,Roberts
2025-027,1,13.0,19.0,8.0,1.0,55.0,32.0,1.0,12.0,1.0,0.0,2025,Roberts
2025-028,1,3.0,211.0,343.0,1.0,104.0,26.0,1.0,11.0,2.0,0.0,2025,Roberts
2025-029,0,1.0,7.0,136.0,1.0,43.0,31.0,0.0,12.0,2.0,0.0,2025,Roberts
2025-030,1,8.0,113.0,173.0,1.0,96.0,22.0,0.0,2.0,2.0,0.0,2025,Roberts
2025-031,1,9.0,198.0,5.0,1.0,75.0,25.0,1.0,12.0,2.0,0.0,2025,Roberts
2025-032,1,2.0,28.0,162.0,1.0,131.0,24.0,0.0,12.0,2.0,0.0,2025,Roberts
2025-034,1,8.0,208.0,121.0,1.0,302.0,300.0,0.0,6.0,1.0,0.0,2025,Roberts
2025-035,1,1.0,207.0,7.0,1.0,63.0,29.0,1.0,11.0,2.0,0.0,2025,Roberts
2025-036,0,8.0,151.0,146.0,1.0,55.0,32.0,0.0,2.0,2.0,0.0,2025,Roberts
2025-037,0,9.0,19.0,8.0,15.0,55.0,32.0,1.0,1.0,2.0,0.0,2025,Roberts
2025-038,1,8.0,122.0,122.0,1.0,58.0,31.0,1.0,12.0,2.0,0.0,2025,Roberts
2025-039,1,8.0,198.0,24.0,1.0,55.0,32.0,1.0,10.0,2.0,0.0,2025,Roberts
2025-040,0,9.0,198.0,28.0,1.0,82.0,26.0,0.0,2.0,2.0,0.0,2025,Roberts
2025-041,1,4.0,195.0,5.0,1.0,81.0,26.0,0.0,11.0,1.0,0.0,2025,Roberts
2025-042,0,1.0,27.0,100.0,1.0,119.0,25.0,0.0,12.0,1.0,0.0,2025,Roberts
2025-043,1,10.0,208.0,245.0,1.0,67.0,27.0,0.0,11.0,2.0,0.0,2025,Roberts
2025-044,1,1.0,100.0,27.0,1.0,50.0,29.0,0.0,12.0,1.0,0.0,2025,Roberts
2025-046,1,2.0,1.0,106.0,1.0,22.0,22.0,0.0,2.0,2.0,0.0,2025,Roberts
2025-047,1,1.0,126.0,27.0,1.0,126.0,24.0,1.0,11.0,1.0,0.0,2025,Roberts
2025-048,1,9.0,133.0,159.0,1.0,50.0,29.0,1.0,11.0,2.0,0.0,2025,Roberts
2025-049,1,8.0,338.0,205.0,1.0,25.0,25.0,0.0,2.0,2.0,0.0,2025,Roberts
2025-050,0,8.0,122.0,161.0,1.0,52.0,30.0,0.0,11.0,2.0,0.0,2025,Roberts
2025-051,1,8.0,143.0,143.0,1.0,54.0,8.0,0.0,11.0,1.0,0.0,2025,Roberts
2025-052,0,8.0,145.0,151.0,1.0,96.0,22.0,0.0,2.0,1.0,0.0,2025,Roberts
2025-053,1,9.0,114.0,120.0,1.0,84.0,25.0,0.0,2.0,1.0,0.0,2025,Roberts
2025-054,1,10.0,128.0,208.0,1.0,302.0,301.0,0.0,9.0,2.0,0.0,2025,Roberts
2025-055,1,2.0,422.0,207.0,1.0,51.0,29.0,1.0,12.0,2.0,0.0,2025,Roberts
2025-056,1,1.0,126.0,4.0,1.0,84.0,25.0,0.0,12.0,1.0,0.0,2025,Roberts
2025-057,0,8.0,137.0,405.0,1.0,51.0,29.0,0.0,2.0,2.0,0.0,2025,Roberts
2025-058,0,9.0,204.0,167.0,1.0,79.0,24.0,0.0,2.0,1.0,0.0,2025,Roberts
2025-059,0,2.0,19.0,106.0,1.0,91.0,91.0,0.0,12.0,2.0,0.0,2025,Roberts
2025-060,1,2.0,7.0,211.0,1.0,85.0,25.0,0.0,12.0,1.0,0.0,2025,Roberts
2025-061,1,1.0,5.0,137.0,1.0,79.0,24.0,1.0,12.0,2.0,0.0,2025,Roberts
2025-062,1,1.0,28.0,137.0,1.0,302.0,300.0,0.0,12.0,2.0,0.0,2025,Roberts
2025-063,1,2.0,8.0,218.0,1.0,124.0,22.0,1.0,12.0,2.0,0.0,2025,Roberts
2025-064,1,9.0,229.0,27.0,1.0,121.0,25.0,0.0,2.0,1.0,0.0,2025,Roberts
2025-065,1,9.0,422.0,106.0,1.0,96.0,22.0,0.0,12.0,2.0,0.0,2025,Roberts
2025-066,1,9.0,327.0,216.0,1.0,126.0,24.0,1.0,12.0,2.0,0.0,2025,Roberts
2025-067,1,1.0,126.0,7.0,1.0,57.0,31.0,0.0,12.0,1.0,0.0,2025,Roberts
2025-068,1,1.0,28.0,126.0,1.0,96.0,22.0,0.0,12.0,2.0,0.0,2025,Roberts
